,acousticness,analysis_url,artist,danceability,duration_ms,energy,id,instrumentalness,key,liveness,loudness,mode,song_title,speechiness,tempo,time_signature,track_href,type,uri,valence,0
0,0.316,https://api.spotify.com/v1/audio-analysis/6GoFm9E3Nkjve72dwOhmXj,Zeca Pagodinho,0.75,168893.0,0.689,6GoFm9E3Nkjve72dwOhmXj,0.0,0.0,0.0503,-6.701,1.0,Camarão Que Dorme A Onda Leva,0.0687,106.236,4.0,https://api.spotify.com/v1/tracks/6GoFm9E3Nkjve72dwOhmXj,audio_features,spotify:track:6GoFm9E3Nkjve72dwOhmXj,0.681,
1,0.559,https://api.spotify.com/v1/audio-analysis/5KDgtCIqnrnIb9thLNFc3j,Grupo Fundo De Quintal,0.445,296067.0,0.84,5KDgtCIqnrnIb9thLNFc3j,0.0,5.0,0.737,-10.82,1.0,A Batucada Dos Nossos Tantãs / Do Fundo Do Nosso Quintal,0.133,111.645,4.0,https://api.spotify.com/v1/tracks/5KDgtCIqnrnIb9thLNFc3j,audio_features,spotify:track:5KDgtCIqnrnIb9thLNFc3j,0.601,
2,0.35,https://api.spotify.com/v1/audio-analysis/1MnbzON2M0Md10P9BJZElG,"Diogo Nogueira, Martinho da Vila, Zeca Pagodinho, Jorge Aragão & Dona Ivone Lara",0.666,241759.0,0.703,1MnbzON2M0Md10P9BJZElG,3.12e-06,9.0,0.233,-8.157,0.0,Poder da Criação,0.049,92.031,4.0,https://api.spotify.com/v1/tracks/1MnbzON2M0Md10P9BJZElG,audio_features,spotify:track:1MnbzON2M0Md10P9BJZElG,0.889,
3,0.415,https://api.spotify.com/v1/audio-analysis/3Hvhm0NXjx5mI0OOkPk06E,Zeca Pagodinho,0.529,212493.0,0.775,3Hvhm0NXjx5mI0OOkPk06E,0.0,11.0,0.779,-7.158,0.0,Maneiras - Ao Vivo,0.0606,153.423,4.0,https://api.spotify.com/v1/tracks/3Hvhm0NXjx5mI0OOkPk06E,audio_features,spotify:track:3Hvhm0NXjx5mI0OOkPk06E,0.564,
4,0.497,https://api.spotify.com/v1/audio-analysis/4oNk9WpCEytgOdYms1x5Fr,Elza Soares,0.459,199560.0,0.615,4oNk9WpCEytgOdYms1x5Fr,0.0,11.0,0.118,-9.581,0.0,Vou Festejar,0.0841,97.961,3.0,https://api.spotify.com/v1/tracks/4oNk9WpCEytgOdYms1x5Fr,audio_features,spotify:track:4oNk9WpCEytgOdYms1x5Fr,0.83,
5,0.649,https://api.spotify.com/v1/audio-analysis/0UvD9Oziehfgu0k8qyqSIj,Arlindo Cruz,0.541,214280.0,0.866,0UvD9Oziehfgu0k8qyqSIj,0.0,0.0,0.893,-6.088,1.0,O Show Tem Que Continuar,0.0501,97.958,4.0,https://api.spotify.com/v1/tracks/0UvD9Oziehfgu0k8qyqSIj,audio_features,spotify:track:0UvD9Oziehfgu0k8qyqSIj,0.748,
6,0.707,https://api.spotify.com/v1/audio-analysis/4t4oqMSwwmpHzQIu1aok1z,Seu Jorge,0.795,248080.0,0.926,4t4oqMSwwmpHzQIu1aok1z,0.0,9.0,0.0858,-5.034,0.0,Amiga Da Minha Mulher,0.136,104.037,4.0,https://api.spotify.com/v1/tracks/4t4oqMSwwmpHzQIu1aok1z,audio_features,spotify:track:4t4oqMSwwmpHzQIu1aok1z,0.798,
7,0.118,https://api.spotify.com/v1/audio-analysis/5uf6unkyDGYdvvFSJpiuw9,Beth Carvalho,0.526,200147.0,0.978,5uf6unkyDGYdvvFSJpiuw9,7.99e-05,11.0,0.971,-3.73,0.0,Vou Festejar (Ao Vivo),0.207,145.508,4.0,https://api.spotify.com/v1/tracks/5uf6unkyDGYdvvFSJpiuw9,audio_features,spotify:track:5uf6unkyDGYdvvFSJpiuw9,0.806,
8,0.45,https://api.spotify.com/v1/audio-analysis/3KVuaB6BpexCKpNjQHVxZq,Martinho da Vila e Convidados,0.779,188440.0,0.555,3KVuaB6BpexCKpNjQHVxZq,0.0,11.0,0.109,-10.446,0.0,"Canta, Canta, Minha Gente",0.255,92.075,4.0,https://api.spotify.com/v1/tracks/3KVuaB6BpexCKpNjQHVxZq,audio_features,spotify:track:3KVuaB6BpexCKpNjQHVxZq,0.861,
9,0.554,https://api.spotify.com/v1/audio-analysis/20mp3n96JEEsoXUcddc8pM,Almir Guineto,0.649,199640.0,0.757,20mp3n96JEEsoXUcddc8pM,0.0,2.0,0.0988,-7.936,1.0,Conselho,0.206,91.732,4.0,https://api.spotify.com/v1/tracks/20mp3n96JEEsoXUcddc8pM,audio_features,spotify:track:20mp3n96JEEsoXUcddc8pM,0.824,
10,0.842,https://api.spotify.com/v1/audio-analysis/5YRS3QQHisO1BpST3vNP2e,Jorge Ben Jor,0.391,195600.0,0.792,5YRS3QQHisO1BpST3vNP2e,0.633,7.0,0.137,-11.605,0.0,Mas Que Nada,0.0322,96.664,4.0,https://api.spotify.com/v1/tracks/5YRS3QQHisO1BpST3vNP2e,audio_features,spotify:track:5YRS3QQHisO1BpST3vNP2e,0.929,
11,0.791,https://api.spotify.com/v1/audio-analysis/4xAZXioluPz9vPcTTiokOg,Maria Rita,0.621,203093.0,0.799,4xAZXioluPz9vPcTTiokOg,2.31e-06,7.0,0.116,-7.828,1.0,Coração em desalinho,0.0752,116.091,4.0,https://api.spotify.com/v1/tracks/4xAZXioluPz9vPcTTiokOg,audio_features,spotify:track:4xAZXioluPz9vPcTTiokOg,0.642,
0,,,Benjamin Britten,,,,,,,,,,"A Ceremony of Carols, Op. 28: IVb. Balulalow",,,,,,,,
1,,,Wolfgang Amadeus Mozart,,,,,,,,,,"Sonata For Piano And Violin In G Major, K.379: 1b. Allegro - Live",,,,,,,,"{'danceability': 0.409, 'energy': 0.163, 'key': 7, 'loudness': -18.168, 'mode': 0, 'speechiness': 0.0449, 'acousticness': 0.966, 'instrumentalness': 0.0373, 'liveness': 0.146, 'valence': 0.299, 'tempo': 85.971, 'type': 'audio_features', 'id': '7sNawUm7IsWCx1ADTDcpao', 'uri': 'spotify:track:7sNawUm7IsWCx1ADTDcpao', 'track_href': 'https://api.spotify.com/v1/tracks/7sNawUm7IsWCx1ADTDcpao', 'analysis_url': 'https://api.spotify.com/v1/audio-analysis/7sNawUm7IsWCx1ADTDcpao', 'duration_ms': 355933, 'time_signature': 3}"
2,,,Arcangelo Corelli,,,,,,,,,,"Concerto grosso in G Minor, Op. 6 No. 8 ""Christmas Concerto"": III. Adagio - Allegro - Adagio",,,,,,,,"{'danceability': 0.163, 'energy': 0.0734, 'key': 2, 'loudness': -22.575, 'mode': 1, 'speechiness': 0.041, 'acousticness': 0.927, 'instrumentalness': 0.95, 'liveness': 0.0896, 'valence': 0.137, 'tempo': 67.633, 'type': 'audio_features', 'id': '0csKGzO4Q7Cqgf12qNOZLa', 'uri': 'spotify:track:0csKGzO4Q7Cqgf12qNOZLa', 'track_href': 'https://api.spotify.com/v1/tracks/0csKGzO4Q7Cqgf12qNOZLa', 'analysis_url': 'https://api.spotify.com/v1/audio-analysis/0csKGzO4Q7Cqgf12qNOZLa', 'duration_ms': 172839, 'time_signature': 4}"
3,,,Karol Szymanowski,,,,,,,,,,"4 Etudes, Op. 4: No. 3 in B-Flat Minor, Andante",,,,,,,,
4,,,José Palomino,,,,,,,,,,Concerto o sia Quintetto: II. Andante,,,,,,,,"{'danceability': 0.365, 'energy': 0.141, 'key': 6, 'loudness': -18.913, 'mode': 0, 'speechiness': 0.0367, 'acousticness': 0.87, 'instrumentalness': 0.000163, 'liveness': 0.0899, 'valence': 0.324, 'tempo': 49.009, 'type': 'audio_features', 'id': '1g8NkqKN6TRWgOW04F1qm8', 'uri': 'spotify:track:1g8NkqKN6TRWgOW04F1qm8', 'track_href': 'https://api.spotify.com/v1/tracks/1g8NkqKN6TRWgOW04F1qm8', 'analysis_url': 'https://api.spotify.com/v1/audio-analysis/1g8NkqKN6TRWgOW04F1qm8', 'duration_ms': 133539, 'time_signature': 4}"
5,,,Sergei Prokofiev,,,,,,,,,,"5 Melodies for Violin and Piano, Op. 35bis: II. Lento ma non troppo",,,,,,,,
6,,,Johannes Brahms,,,,,,,,,,"Piano Concerto No. 2 in B-Flat Major, Op. 83: II. Allegro appassionato",,,,,,,,"{'danceability': 0.327, 'energy': 0.133, 'key': 2, 'loudness': -21.381, 'mode': 0, 'speechiness': 0.034, 'acousticness': 0.967, 'instrumentalness': 0.866, 'liveness': 0.136, 'valence': 0.13, 'tempo': 111.018, 'type': 'audio_features', 'id': '0uRYb9msEzUrQylhbPvm7Q', 'uri': 'spotify:track:0uRYb9msEzUrQylhbPvm7Q', 'track_href': 'https://api.spotify.com/v1/tracks/0uRYb9msEzUrQylhbPvm7Q', 'analysis_url': 'https://api.spotify.com/v1/audio-analysis/0uRYb9msEzUrQylhbPvm7Q', 'duration_ms': 526061, 'time_signature': 3}"
7,,,Erik Satie,,,,,,,,,,"3 Morceaux en forme de poire (Version for Piano Duo): No. 3, Morceaux 1 [Lentement]",,,,,,,,"{'danceability': 0.68, 'energy': 0.00418, 'key': 10, 'loudness': -31.339, 'mode': 0, 'speechiness': 0.0878, 'acousticness': 0.995, 'instrumentalness': 0.92, 'liveness': 0.0811, 'valence': 0.203, 'tempo': 102.287, 'type': 'audio_features', 'id': '48ozOCNpwfBFsi3NZvM2gN', 'uri': 'spotify:track:48ozOCNpwfBFsi3NZvM2gN', 'track_href': 'https://api.spotify.com/v1/tracks/48ozOCNpwfBFsi3NZvM2gN', 'analysis_url': 'https://api.spotify.com/v1/audio-analysis/48ozOCNpwfBFsi3NZvM2gN', 'duration_ms': 90600, 'time_signature': 4}"
8,,,Paul Hindemith,,,,,,,,,,"Symphonic Metamorphosis of Themes by Carl Maria von Weber, IPH 150: II. Turandot, Scherzo",,,,,,,,"{'danceability': 0.356, 'energy': 0.252, 'key': 5, 'loudness': -21.985, 'mode': 1, 'speechiness': 0.0525, 'acousticness': 0.901, 'instrumentalness': 0.868, 'liveness': 0.387, 'valence': 0.124, 'tempo': 84.752, 'type': 'audio_features', 'id': '2jEy73JFsZfwGK3lruWFFs', 'uri': 'spotify:track:2jEy73JFsZfwGK3lruWFFs', 'track_href': 'https://api.spotify.com/v1/tracks/2jEy73JFsZfwGK3lruWFFs', 'analysis_url': 'https://api.spotify.com/v1/audio-analysis/2jEy73JFsZfwGK3lruWFFs', 'duration_ms': 472845, 'time_signature': 4}"
9,,,Wolfgang Amadeus Mozart,,,,,,,,,,"Piano Concerto No. 11 in F Major, K. 413 (Version for Piano & String Quintet): I. Allegro",,,,,,,,"{'danceability': 0.404, 'energy': 0.256, 'key': 5, 'loudness': -16.633, 'mode': 1, 'speechiness': 0.0341, 'acousticness': 0.976, 'instrumentalness': 0.73, 'liveness': 0.116, 'valence': 0.541, 'tempo': 148.665, 'type': 'audio_features', 'id': '48211jzFG0wae7lk4dwQt6', 'uri': 'spotify:track:48211jzFG0wae7lk4dwQt6', 'track_href': 'https://api.spotify.com/v1/tracks/48211jzFG0wae7lk4dwQt6', 'analysis_url': 'https://api.spotify.com/v1/audio-analysis/48211jzFG0wae7lk4dwQt6', 'duration_ms': 525685, 'time_signature': 3}"
10,,,Eivind Buene,,,,,,,,,,Violin Concerto: I. Falling Angels,,,,,,,,"{'danceability': 0.141, 'energy': 0.0513, 'key': 2, 'loudness': -29.058, 'mode': 1, 'speechiness': 0.0532, 'acousticness': 0.938, 'instrumentalness': 0.144, 'liveness': 0.069, 'valence': 0.0333, 'tempo': 66.139, 'type': 'audio_features', 'id': '7uFmbvV47W3wbsz7WI68RK', 'uri': 'spotify:track:7uFmbvV47W3wbsz7WI68RK', 'track_href': 'https://api.spotify.com/v1/tracks/7uFmbvV47W3wbsz7WI68RK', 'analysis_url': 'https://api.spotify.com/v1/audio-analysis/7uFmbvV47W3wbsz7WI68RK', 'duration_ms': 578947, 'time_signature': 3}"
11,,,Antônio Carlos Jobim,,,,,,,,,,Wave (Arr. E. Rose for Piano),,,,,,,,"{'danceability': 0.273, 'energy': 0.158, 'key': 5, 'loudness': -19.535, 'mode': 1, 'speechiness': 0.0405, 'acousticness': 0.992, 'instrumentalness': 0.909, 'liveness': 0.0607, 'valence': 0.161, 'tempo': 77.316, 'type': 'audio_features', 'id': '1igNRPoqFzttRHkJYjf8oz', 'uri': 'spotify:track:1igNRPoqFzttRHkJYjf8oz', 'track_href': 'https://api.spotify.com/v1/tracks/1igNRPoqFzttRHkJYjf8oz', 'analysis_url': 'https://api.spotify.com/v1/audio-analysis/1igNRPoqFzttRHkJYjf8oz', 'duration_ms': 186213, 'time_signature': 4}"
0,0.145,https://api.spotify.com/v1/audio-analysis/6VpQdig9pdpTSIFItgkJV5,Camila Cabello,0.643,227088.0,0.709,6VpQdig9pdpTSIFItgkJV5,0.000449,0.0,0.115,-4.343,1.0,Never Be the Same,0.0733,129.961,4.0,https://api.spotify.com/v1/tracks/6VpQdig9pdpTSIFItgkJV5,audio_features,spotify:track:6VpQdig9pdpTSIFItgkJV5,0.264,
1,0.18,https://api.spotify.com/v1/audio-analysis/3Ga6eKrUFf12ouh9Yw3v2D,Anitta,0.775,193456.0,0.679,3Ga6eKrUFf12ouh9Yw3v2D,7.26e-05,4.0,0.068,-4.985,0.0,Downtown,0.135,166.008,4.0,https://api.spotify.com/v1/tracks/3Ga6eKrUFf12ouh9Yw3v2D,audio_features,spotify:track:3Ga6eKrUFf12ouh9Yw3v2D,0.619,
2,0.0322,https://api.spotify.com/v1/audio-analysis/1zsG4eaZmkA1dvjDDsAGLK,Luis Fonsi,0.724,173720.0,0.895,1zsG4eaZmkA1dvjDDsAGLK,0.0,7.0,0.097,-3.617,1.0,Échame La Culpa,0.0411,96.022,4.0,https://api.spotify.com/v1/tracks/1zsG4eaZmkA1dvjDDsAGLK,audio_features,spotify:track:1zsG4eaZmkA1dvjDDsAGLK,0.64,
3,0.00274,https://api.spotify.com/v1/audio-analysis/6tF92PMv01Ug9Dh8Rmy6nH,Dua Lipa,0.756,209333.0,0.682,6tF92PMv01Ug9Dh8Rmy6nH,8.85e-06,9.0,0.147,-6.577,0.0,New Rules,0.0753,116.008,4.0,https://api.spotify.com/v1/tracks/6tF92PMv01Ug9Dh8Rmy6nH,audio_features,spotify:track:6tF92PMv01Ug9Dh8Rmy6nH,0.589,
4,0.139,https://api.spotify.com/v1/audio-analysis/7EmGUiUaOSGDnUUQUDrOXC,Selena Gomez,0.715,197993.0,0.802,7EmGUiUaOSGDnUUQUDrOXC,0.0,11.0,0.177,-4.647,0.0,Wolves,0.0394,124.989,4.0,https://api.spotify.com/v1/tracks/7EmGUiUaOSGDnUUQUDrOXC,audio_features,spotify:track:7EmGUiUaOSGDnUUQUDrOXC,0.327,
5,0.316,https://api.spotify.com/v1/audio-analysis/2amzBJRBPOGszBem4FedfE,NF,0.661,212120.0,0.715,2amzBJRBPOGszBem4FedfE,0.0,5.0,0.178,-5.651,0.0,Let You Down,0.119,148.027,4.0,https://api.spotify.com/v1/tracks/2amzBJRBPOGszBem4FedfE,audio_features,spotify:track:2amzBJRBPOGszBem4FedfE,0.411,
6,0.13,https://api.spotify.com/v1/audio-analysis/7wGoVu4Dady5GV0Sv4UIsx,Post Malone,0.577,218320.0,0.522,7wGoVu4Dady5GV0Sv4UIsx,9.03e-05,5.0,0.142,-6.594,0.0,rockstar,0.0984,159.772,4.0,https://api.spotify.com/v1/tracks/7wGoVu4Dady5GV0Sv4UIsx,audio_features,spotify:track:7wGoVu4Dady5GV0Sv4UIsx,0.119,
7,0.0157,https://api.spotify.com/v1/audio-analysis/7Ed6BkggCS2KaKY5YlINaF,BTS,0.613,238726.0,0.842,7Ed6BkggCS2KaKY5YlINaF,0.0,10.0,0.23,-4.332,0.0,MIC Drop (feat. Desiigner) [Steve Aoki Remix],0.219,169.917,4.0,https://api.spotify.com/v1/tracks/7Ed6BkggCS2KaKY5YlINaF,audio_features,spotify:track:7Ed6BkggCS2KaKY5YlINaF,0.645,
8,0.209,https://api.spotify.com/v1/audio-analysis/0Pki3Th0SL5rJ5e6ShUbJJ,Pitbull,0.752,199067.0,0.761,0Pki3Th0SL5rJ5e6ShUbJJ,2.64e-06,2.0,0.0625,-4.63,1.0,Por Favor,0.0926,98.025,4.0,https://api.spotify.com/v1/tracks/0Pki3Th0SL5rJ5e6ShUbJJ,audio_features,spotify:track:0Pki3Th0SL5rJ5e6ShUbJJ,0.697,
9,0.113,https://api.spotify.com/v1/audio-analysis/71P1N0X76YtZMbBIGG47un,Alok,0.647,182147.0,0.713,71P1N0X76YtZMbBIGG47un,0.00703,4.0,0.146,-5.874,1.0,Big Jet Plane,0.0256,124.982,4.0,https://api.spotify.com/v1/tracks/71P1N0X76YtZMbBIGG47un,audio_features,spotify:track:71P1N0X76YtZMbBIGG47un,0.277,
10,0.186,https://api.spotify.com/v1/audio-analysis/0ofbQMrRDsUaVKq2mGLEAb,Camila Cabello,0.768,216897.0,0.517,0ofbQMrRDsUaVKq2mGLEAb,3.8e-05,7.0,0.104,-4.323,0.0,Havana,0.0312,104.992,4.0,https://api.spotify.com/v1/tracks/0ofbQMrRDsUaVKq2mGLEAb,audio_features,spotify:track:0ofbQMrRDsUaVKq2mGLEAb,0.418,
11,0.14,https://api.spotify.com/v1/audio-analysis/4UbWczmUqp2mfzSHSmTpAC,Ivete Sangalo,0.765,197494.0,0.811,4UbWczmUqp2mfzSHSmTpAC,9.45e-06,10.0,0.0745,-5.646,0.0,Cheguei Pra Te Amar,0.0627,101.985,4.0,https://api.spotify.com/v1/tracks/4UbWczmUqp2mfzSHSmTpAC,audio_features,spotify:track:4UbWczmUqp2mfzSHSmTpAC,0.702,
0,0.0356,https://api.spotify.com/v1/audio-analysis/53opf145KiqlZQJE9QEOXx,Lenine,0.702,154960.0,0.644,53opf145KiqlZQJE9QEOXx,0.000351,5.0,0.127,-7.946,1.0,Aquilo Que Dá No Coração,0.0482,99.917,4.0,https://api.spotify.com/v1/tracks/53opf145KiqlZQJE9QEOXx,audio_features,spotify:track:53opf145KiqlZQJE9QEOXx,0.669,
1,0.516,https://api.spotify.com/v1/audio-analysis/2wNs0eBXiEgJHIiOrpnnoZ,Maria Gadú,0.832,215800.0,0.497,2wNs0eBXiEgJHIiOrpnnoZ,0.0,1.0,0.146,-7.678,0.0,Linha Tênue,0.0452,133.944,4.0,https://api.spotify.com/v1/tracks/2wNs0eBXiEgJHIiOrpnnoZ,audio_features,spotify:track:2wNs0eBXiEgJHIiOrpnnoZ,0.886,
2,0.472,https://api.spotify.com/v1/audio-analysis/4THhSMVKTUASFp9N3mYlVU,Maria Gadú,0.679,204840.0,0.443,4THhSMVKTUASFp9N3mYlVU,0.00097,7.0,0.187,-10.67,1.0,Encontro,0.0393,90.036,4.0,https://api.spotify.com/v1/tracks/4THhSMVKTUASFp9N3mYlVU,audio_features,spotify:track:4THhSMVKTUASFp9N3mYlVU,0.363,
3,0.413,https://api.spotify.com/v1/audio-analysis/4ibLIm27g62H4Pr1mOPMaG,Leandro Léo,0.425,299973.0,0.359,4ibLIm27g62H4Pr1mOPMaG,2.98e-05,1.0,0.954,-11.265,0.0,João de Barro,0.0312,113.848,4.0,https://api.spotify.com/v1/tracks/4ibLIm27g62H4Pr1mOPMaG,audio_features,spotify:track:4ibLIm27g62H4Pr1mOPMaG,0.127,
4,0.837,https://api.spotify.com/v1/audio-analysis/4XYdH6H7haUCeEm9YezQ9K,Zé Ramalho,0.667,271227.0,0.44,4XYdH6H7haUCeEm9YezQ9K,0.0014,7.0,0.198,-9.32,1.0,Chão de Giz,0.0333,143.843,3.0,https://api.spotify.com/v1/tracks/4XYdH6H7haUCeEm9YezQ9K,audio_features,spotify:track:4XYdH6H7haUCeEm9YezQ9K,0.34,
5,0.0402,https://api.spotify.com/v1/audio-analysis/3SdJZFJWYHymvxUrMPAXdQ,Zé Ramalho,0.486,237267.0,0.933,3SdJZFJWYHymvxUrMPAXdQ,0.0298,11.0,0.927,-7.015,0.0,Táxi Lunar - Ao Vivo,0.0796,150.743,4.0,https://api.spotify.com/v1/tracks/3SdJZFJWYHymvxUrMPAXdQ,audio_features,spotify:track:3SdJZFJWYHymvxUrMPAXdQ,0.687,
6,0.0792,https://api.spotify.com/v1/audio-analysis/5XKEOyjux8e6IM0lpKB0ee,Zé Ramalho,0.471,261773.0,0.715,5XKEOyjux8e6IM0lpKB0ee,0.000993,1.0,0.787,-5.131,0.0,Eternas Ondas - Ao Vivo,0.0314,135.55,4.0,https://api.spotify.com/v1/tracks/5XKEOyjux8e6IM0lpKB0ee,audio_features,spotify:track:5XKEOyjux8e6IM0lpKB0ee,0.359,
7,0.0014,https://api.spotify.com/v1/audio-analysis/6XWuH3SO7AVW4RXmvvhgqj,Zé Ramalho,0.381,310307.0,0.908,6XWuH3SO7AVW4RXmvvhgqj,0.00734,0.0,0.435,-6.132,1.0,Frevo Mulher - Ao Vivo,0.159,164.986,4.0,https://api.spotify.com/v1/tracks/6XWuH3SO7AVW4RXmvvhgqj,audio_features,spotify:track:6XWuH3SO7AVW4RXmvvhgqj,0.616,
8,0.00599,https://api.spotify.com/v1/audio-analysis/18wdzUDXJyfXU0TmI9ePvy,Zé Ramalho,0.551,296960.0,0.835,18wdzUDXJyfXU0TmI9ePvy,0.000124,6.0,0.921,-8.013,0.0,Garoto de Aluguel (Taxi Boy) - Ao Vivo,0.0366,96.238,4.0,https://api.spotify.com/v1/tracks/18wdzUDXJyfXU0TmI9ePvy,audio_features,spotify:track:18wdzUDXJyfXU0TmI9ePvy,0.432,
9,0.244,https://api.spotify.com/v1/audio-analysis/2ReXjoXXQ6diAn9RocOE1F,Fagner,0.54,252000.0,0.394,2ReXjoXXQ6diAn9RocOE1F,0.0,11.0,0.316,-15.022,1.0,Deslizes,0.0284,136.48,4.0,https://api.spotify.com/v1/tracks/2ReXjoXXQ6diAn9RocOE1F,audio_features,spotify:track:2ReXjoXXQ6diAn9RocOE1F,0.49,
10,0.685,https://api.spotify.com/v1/audio-analysis/3pUQEJXwmnooceL5DqluNA,Fagner,0.67,249280.0,0.523,3pUQEJXwmnooceL5DqluNA,0.0,11.0,0.136,-11.508,1.0,Borbulhas de Amor (Tenho um Coração) [Borbujas de Amor],0.0314,126.474,4.0,https://api.spotify.com/v1/tracks/3pUQEJXwmnooceL5DqluNA,audio_features,spotify:track:3pUQEJXwmnooceL5DqluNA,0.693,
11,0.0773,https://api.spotify.com/v1/audio-analysis/1WlVdlht4x753iTES0fU93,Fagner,0.403,294933.0,0.633,1WlVdlht4x753iTES0fU93,0.0,9.0,0.462,-9.054,0.0,Espumas ao Vento - Ao Vivo,0.0355,125.383,4.0,https://api.spotify.com/v1/tracks/1WlVdlht4x753iTES0fU93,audio_features,spotify:track:1WlVdlht4x753iTES0fU93,0.253,
0,,,Moose Blood,,,,,,,,,,Talk In Your Sleep,,,,,,,,
1,,,Cemetery Drive,,,,,,,,,,Now & Here,,,,,,,,"{'danceability': 0.538, 'energy': 0.894, 'key': 2, 'loudness': -5.207, 'mode': 1, 'speechiness': 0.0357, 'acousticness': 0.000293, 'instrumentalness': 4.43e-06, 'liveness': 0.258, 'valence': 0.64, 'tempo': 124.995, 'type': 'audio_features', 'id': '2adoti4xmtVVqGJK7euq9C', 'uri': 'spotify:track:2adoti4xmtVVqGJK7euq9C', 'track_href': 'https://api.spotify.com/v1/tracks/2adoti4xmtVVqGJK7euq9C', 'analysis_url': 'https://api.spotify.com/v1/audio-analysis/2adoti4xmtVVqGJK7euq9C', 'duration_ms': 260000, 'time_signature': 4}"
2,,,BRAINCOATS,,,,,,,,,,Dead At 21,,,,,,,,"{'danceability': 0.421, 'energy': 0.965, 'key': 10, 'loudness': -3.133, 'mode': 1, 'speechiness': 0.0544, 'acousticness': 0.00104, 'instrumentalness': 0.0531, 'liveness': 0.433, 'valence': 0.761, 'tempo': 139.881, 'type': 'audio_features', 'id': '4vWP2qTHuGH9WfLNxMEBqS', 'uri': 'spotify:track:4vWP2qTHuGH9WfLNxMEBqS', 'track_href': 'https://api.spotify.com/v1/tracks/4vWP2qTHuGH9WfLNxMEBqS', 'analysis_url': 'https://api.spotify.com/v1/audio-analysis/4vWP2qTHuGH9WfLNxMEBqS', 'duration_ms': 164480, 'time_signature': 3}"
3,,,Bleacher Days,,,,,,,,,,Losing Patience,,,,,,,,
4,,,The Last Gang,,,,,,,,,,Sing for Your Supper,,,,,,,,"{'danceability': 0.41, 'energy': 0.921, 'key': 7, 'loudness': -8.554, 'mode': 0, 'speechiness': 0.0569, 'acousticness': 3.6e-05, 'instrumentalness': 0.00403, 'liveness': 0.153, 'valence': 0.9, 'tempo': 190.14, 'type': 'audio_features', 'id': '6Czr6oUri0SfThZEUi07Gm', 'uri': 'spotify:track:6Czr6oUri0SfThZEUi07Gm', 'track_href': 'https://api.spotify.com/v1/tracks/6Czr6oUri0SfThZEUi07Gm', 'analysis_url': 'https://api.spotify.com/v1/audio-analysis/6Czr6oUri0SfThZEUi07Gm', 'duration_ms': 140500, 'time_signature': 4}"
5,,,Tusky,,,,,,,,,,Going Out,,,,,,,,"{'danceability': 0.323, 'energy': 0.916, 'key': 6, 'loudness': -3.652, 'mode': 0, 'speechiness': 0.0576, 'acousticness': 0.00021, 'instrumentalness': 0.155, 'liveness': 0.121, 'valence': 0.52, 'tempo': 169.918, 'type': 'audio_features', 'id': '4rEEkQAkNGOeWgd7uUKksr', 'uri': 'spotify:track:4rEEkQAkNGOeWgd7uUKksr', 'track_href': 'https://api.spotify.com/v1/tracks/4rEEkQAkNGOeWgd7uUKksr', 'analysis_url': 'https://api.spotify.com/v1/audio-analysis/4rEEkQAkNGOeWgd7uUKksr', 'duration_ms': 196680, 'time_signature': 4}"
6,,,5 Year Plan,,,,,,,,,,Awkward Converstions,,,,,,,,"{'danceability': 0.536, 'energy': 0.926, 'key': 1, 'loudness': -2.919, 'mode': 1, 'speechiness': 0.0717, 'acousticness': 0.016, 'instrumentalness': 0.000166, 'liveness': 0.277, 'valence': 0.837, 'tempo': 144.964, 'type': 'audio_features', 'id': '3IQ45ckq7AsBSJYiQRh6NE', 'uri': 'spotify:track:3IQ45ckq7AsBSJYiQRh6NE', 'track_href': 'https://api.spotify.com/v1/tracks/3IQ45ckq7AsBSJYiQRh6NE', 'analysis_url': 'https://api.spotify.com/v1/audio-analysis/3IQ45ckq7AsBSJYiQRh6NE', 'duration_ms': 220552, 'time_signature': 4}"
7,,,In Her Own Words,,,,,,,,,,Smoke Signals - Bonus Track,,,,,,,,"{'danceability': 0.27, 'energy': 0.941, 'key': 2, 'loudness': -3.572, 'mode': 1, 'speechiness': 0.0771, 'acousticness': 0.000391, 'instrumentalness': 0, 'liveness': 0.0646, 'valence': 0.591, 'tempo': 111.438, 'type': 'audio_features', 'id': '0ZZy3WH1eSXDpakCcIsjri', 'uri': 'spotify:track:0ZZy3WH1eSXDpakCcIsjri', 'track_href': 'https://api.spotify.com/v1/tracks/0ZZy3WH1eSXDpakCcIsjri', 'analysis_url': 'https://api.spotify.com/v1/audio-analysis/0ZZy3WH1eSXDpakCcIsjri', 'duration_ms': 215946, 'time_signature': 4}"
8,,,Boston Manor,,,,,,,,,,Drowned in Gold,,,,,,,,"{'danceability': 0.401, 'energy': 0.962, 'key': 1, 'loudness': -4.45, 'mode': 1, 'speechiness': 0.0601, 'acousticness': 5.98e-05, 'instrumentalness': 0, 'liveness': 0.155, 'valence': 0.469, 'tempo': 164.981, 'type': 'audio_features', 'id': '146d1mqq9NVK94OR9EamLk', 'uri': 'spotify:track:146d1mqq9NVK94OR9EamLk', 'track_href': 'https://api.spotify.com/v1/tracks/146d1mqq9NVK94OR9EamLk', 'analysis_url': 'https://api.spotify.com/v1/audio-analysis/146d1mqq9NVK94OR9EamLk', 'duration_ms': 168968, 'time_signature': 4}"
9,,,Parkside,,,,,,,,,,Paste,,,,,,,,"{'danceability': 0.38, 'energy': 0.923, 'key': 2, 'loudness': -3.088, 'mode': 1, 'speechiness': 0.0789, 'acousticness': 0.00362, 'instrumentalness': 0, 'liveness': 0.293, 'valence': 0.373, 'tempo': 173.056, 'type': 'audio_features', 'id': '1ANdjfzMRFKdee6Xnhfke5', 'uri': 'spotify:track:1ANdjfzMRFKdee6Xnhfke5', 'track_href': 'https://api.spotify.com/v1/tracks/1ANdjfzMRFKdee6Xnhfke5', 'analysis_url': 'https://api.spotify.com/v1/audio-analysis/1ANdjfzMRFKdee6Xnhfke5', 'duration_ms': 219984, 'time_signature': 4}"
10,,,Reggie And The Full Effect,,,,,,,,,,The Horrible Year,,,,,,,,"{'danceability': 0.52, 'energy': 0.864, 'key': 8, 'loudness': -4.439, 'mode': 1, 'speechiness': 0.0487, 'acousticness': 0.00232, 'instrumentalness': 2.97e-06, 'liveness': 0.0782, 'valence': 0.24, 'tempo': 133.838, 'type': 'audio_features', 'id': '2qZrGnyuRqqVJNt6IicILv', 'uri': 'spotify:track:2qZrGnyuRqqVJNt6IicILv', 'track_href': 'https://api.spotify.com/v1/tracks/2qZrGnyuRqqVJNt6IicILv', 'analysis_url': 'https://api.spotify.com/v1/audio-analysis/2qZrGnyuRqqVJNt6IicILv', 'duration_ms': 212560, 'time_signature': 4}"
11,,,A Scent Like Wolves,,,,,,,,,,Inside Out,,,,,,,,"{'danceability': 0.395, 'energy': 0.966, 'key': 3, 'loudness': -4.848, 'mode': 0, 'speechiness': 0.0746, 'acousticness': 8.3e-05, 'instrumentalness': 0.00186, 'liveness': 0.15, 'valence': 0.188, 'tempo': 90.012, 'type': 'audio_features', 'id': '7lTyBwKYjtjnQW01wErm6Q', 'uri': 'spotify:track:7lTyBwKYjtjnQW01wErm6Q', 'track_href': 'https://api.spotify.com/v1/tracks/7lTyBwKYjtjnQW01wErm6Q', 'analysis_url': 'https://api.spotify.com/v1/audio-analysis/7lTyBwKYjtjnQW01wErm6Q', 'duration_ms': 261333, 'time_signature': 4}"
0,0.293,https://api.spotify.com/v1/audio-analysis/5LQtm0sJK8IgIlweuu4yD3,Natiruts,0.753,303320.0,0.553,5LQtm0sJK8IgIlweuu4yD3,0.0,9.0,0.901,-7.687,0.0,"Sorri, Sou Rei - Faixa Bônus Ao Vivo",0.0342,102.946,4.0,https://api.spotify.com/v1/tracks/5LQtm0sJK8IgIlweuu4yD3,audio_features,spotify:track:5LQtm0sJK8IgIlweuu4yD3,0.567,
1,0.000277,https://api.spotify.com/v1/audio-analysis/4C2EiAbViqKpPTKtGyFgky,Onze:20,0.553,194655.0,0.903,4C2EiAbViqKpPTKtGyFgky,9.68e-06,1.0,0.149,-6.148,0.0,Não Dá,0.0411,82.027,4.0,https://api.spotify.com/v1/tracks/4C2EiAbViqKpPTKtGyFgky,audio_features,spotify:track:4C2EiAbViqKpPTKtGyFgky,0.815,
2,0.482,https://api.spotify.com/v1/audio-analysis/4kTn9BUsYt3UFMxM8Sqa03,Maneva,0.567,227371.0,0.79,4kTn9BUsYt3UFMxM8Sqa03,0.0,4.0,0.847,-6.073,0.0,Pisando Descalço - Ao Vivo Em São Paulo,0.101,78.956,4.0,https://api.spotify.com/v1/tracks/4kTn9BUsYt3UFMxM8Sqa03,audio_features,spotify:track:4kTn9BUsYt3UFMxM8Sqa03,0.628,
3,0.0141,https://api.spotify.com/v1/audio-analysis/3KSj0znpvfGKrBzEoE8gcL,Natiruts,0.679,258167.0,0.745,3KSj0znpvfGKrBzEoE8gcL,0.015,7.0,0.325,-6.136,0.0,Na Positiva,0.0313,136.999,4.0,https://api.spotify.com/v1/tracks/3KSj0znpvfGKrBzEoE8gcL,audio_features,spotify:track:3KSj0znpvfGKrBzEoE8gcL,0.767,
4,0.126,https://api.spotify.com/v1/audio-analysis/2RwdM3JC2LrTLaX5oNtj5y,Vibrações,0.721,190440.0,0.6,2RwdM3JC2LrTLaX5oNtj5y,0.0,0.0,0.177,-5.751,1.0,Minha Pretinha,0.0621,149.985,4.0,https://api.spotify.com/v1/tracks/2RwdM3JC2LrTLaX5oNtj5y,audio_features,spotify:track:2RwdM3JC2LrTLaX5oNtj5y,0.581,
5,0.348,https://api.spotify.com/v1/audio-analysis/5dVWZYgbYqGYSQSoIUBEtd,Rael,0.454,243293.0,0.806,5dVWZYgbYqGYSQSoIUBEtd,0.0,0.0,0.967,-7.58,1.0,Aurora Boreal - Ao Vivo,0.123,91.081,4.0,https://api.spotify.com/v1/tracks/5dVWZYgbYqGYSQSoIUBEtd,audio_features,spotify:track:5dVWZYgbYqGYSQSoIUBEtd,0.475,
6,0.201,https://api.spotify.com/v1/audio-analysis/3mgb1VrOPSuVENfp5LUCaa,Planta E Raiz,0.786,149427.0,0.695,3mgb1VrOPSuVENfp5LUCaa,0.0,9.0,0.117,-5.802,1.0,Jah Me Liberta,0.0521,88.979,4.0,https://api.spotify.com/v1/tracks/3mgb1VrOPSuVENfp5LUCaa,audio_features,spotify:track:3mgb1VrOPSuVENfp5LUCaa,0.823,
7,0.179,https://api.spotify.com/v1/audio-analysis/7q9dBBZwL9r5RVpbWvDFXf,BRAZA,0.795,233547.0,0.617,7q9dBBZwL9r5RVpbWvDFXf,0.0,7.0,0.102,-7.957,0.0,Selecta,0.0719,164.045,4.0,https://api.spotify.com/v1/tracks/7q9dBBZwL9r5RVpbWvDFXf,audio_features,spotify:track:7q9dBBZwL9r5RVpbWvDFXf,0.885,
8,0.0145,https://api.spotify.com/v1/audio-analysis/7bPEAUpe1ovbgfkNVPGcZU,Gabriel Elias,0.619,196232.0,0.838,7bPEAUpe1ovbgfkNVPGcZU,0.0,2.0,0.111,-5.843,1.0,Amuleto,0.0286,91.482,4.0,https://api.spotify.com/v1/tracks/7bPEAUpe1ovbgfkNVPGcZU,audio_features,spotify:track:7bPEAUpe1ovbgfkNVPGcZU,0.685,
9,0.13,https://api.spotify.com/v1/audio-analysis/2eCNquDhCnmdAXzSqa7xGM,Vibrações,0.883,205440.0,0.52,2eCNquDhCnmdAXzSqa7xGM,0.0,0.0,0.259,-6.676,0.0,Mar de Luz,0.0406,124.982,4.0,https://api.spotify.com/v1/tracks/2eCNquDhCnmdAXzSqa7xGM,audio_features,spotify:track:2eCNquDhCnmdAXzSqa7xGM,0.693,
10,0.0463,https://api.spotify.com/v1/audio-analysis/13NAnzgJ7rEqUCgawmwmsF,Maskavo,0.692,233813.0,0.747,13NAnzgJ7rEqUCgawmwmsF,0.0,5.0,0.182,-4.697,1.0,Maria ou Joana,0.0407,140.008,4.0,https://api.spotify.com/v1/tracks/13NAnzgJ7rEqUCgawmwmsF,audio_features,spotify:track:13NAnzgJ7rEqUCgawmwmsF,0.823,
11,0.593,https://api.spotify.com/v1/audio-analysis/5cJnObcxd1AKGE8aLT1K7W,Natiruts,0.709,248987.0,0.645,5cJnObcxd1AKGE8aLT1K7W,4.71e-06,0.0,0.109,-6.776,0.0,Sol do Meu Amanhecer,0.0351,132.308,4.0,https://api.spotify.com/v1/tracks/5cJnObcxd1AKGE8aLT1K7W,audio_features,spotify:track:5cJnObcxd1AKGE8aLT1K7W,0.231,
0,0.56,https://api.spotify.com/v1/audio-analysis/4gBzl7sX7yTjZIzvs9VFpN,Wynton Marsalis,0.494,155109.0,0.434,4gBzl7sX7yTjZIzvs9VFpN,1.98e-06,0.0,0.13,-9.642,1.0,"Jingle Bells - Spotify Singles – Holiday, Recorded at Spotify Studios NYC",0.0536,181.774,4.0,https://api.spotify.com/v1/tracks/4gBzl7sX7yTjZIzvs9VFpN,audio_features,spotify:track:4gBzl7sX7yTjZIzvs9VFpN,0.66,
1,0.452,https://api.spotify.com/v1/audio-analysis/0C0Bh8lqaUsrqNDVa6xNLC,Lydian Collective,0.685,292296.0,0.504,0C0Bh8lqaUsrqNDVa6xNLC,0.741,3.0,0.114,-8.106,1.0,Legend of Lumbar,0.028,110.998,3.0,https://api.spotify.com/v1/tracks/0C0Bh8lqaUsrqNDVa6xNLC,audio_features,spotify:track:0C0Bh8lqaUsrqNDVa6xNLC,0.424,
2,0.853,https://api.spotify.com/v1/audio-analysis/6ywTkW3G1o7q8bKWweeuPD,Chick Corea,0.541,399493.0,0.348,6ywTkW3G1o7q8bKWweeuPD,0.533,1.0,0.112,-16.472,0.0,Serenity,0.0344,157.232,3.0,https://api.spotify.com/v1/tracks/6ywTkW3G1o7q8bKWweeuPD,audio_features,spotify:track:6ywTkW3G1o7q8bKWweeuPD,0.582,
3,0.975,https://api.spotify.com/v1/audio-analysis/3e6ansnJY5NrRWCrm87nzG,Johannes Mössinger,0.462,441507.0,0.206,3e6ansnJY5NrRWCrm87nzG,0.901,3.0,0.12,-14.699,1.0,On The Street Where You Live,0.0416,83.285,4.0,https://api.spotify.com/v1/tracks/3e6ansnJY5NrRWCrm87nzG,audio_features,spotify:track:3e6ansnJY5NrRWCrm87nzG,0.553,
4,0.975,https://api.spotify.com/v1/audio-analysis/70IHZjP7W3vcbI3onnugJF,Till Brönner,0.644,280947.0,0.124,70IHZjP7W3vcbI3onnugJF,0.888,5.0,0.106,-17.873,0.0,A Thousand Kisses Deep,0.0624,79.469,4.0,https://api.spotify.com/v1/tracks/70IHZjP7W3vcbI3onnugJF,audio_features,spotify:track:70IHZjP7W3vcbI3onnugJF,0.26,
5,0.644,https://api.spotify.com/v1/audio-analysis/6PzAc1HvLaHl40phBYXDiT,Mopo,0.598,284507.0,0.356,6PzAc1HvLaHl40phBYXDiT,0.885,7.0,0.14,-10.194,1.0,Niin aikaisin,0.0376,106.685,4.0,https://api.spotify.com/v1/tracks/6PzAc1HvLaHl40phBYXDiT,audio_features,spotify:track:6PzAc1HvLaHl40phBYXDiT,0.402,
6,0.606,https://api.spotify.com/v1/audio-analysis/1DmpAweNohoDIZgILlFXGg,Julian Lage,0.592,231174.0,0.345,1DmpAweNohoDIZgILlFXGg,0.921,7.0,0.1,-11.562,1.0,Atlantic Limited,0.0306,128.119,4.0,https://api.spotify.com/v1/tracks/1DmpAweNohoDIZgILlFXGg,audio_features,spotify:track:1DmpAweNohoDIZgILlFXGg,0.369,
7,0.834,https://api.spotify.com/v1/audio-analysis/0bHTxku33zo3Qx5b8xmLMF,Darius Brubeck,0.52,465107.0,0.343,0bHTxku33zo3Qx5b8xmLMF,0.747,0.0,0.743,-17.243,1.0,A Salute to the Count (The Basie Band Is Back in Town) [Arr. Chris Brubeck],0.038,78.305,4.0,https://api.spotify.com/v1/tracks/0bHTxku33zo3Qx5b8xmLMF,audio_features,spotify:track:0bHTxku33zo3Qx5b8xmLMF,0.584,
8,0.59,https://api.spotify.com/v1/audio-analysis/0kae0Qjk2l6MOsIoxR3wNc,Lisa Hilton,0.524,204067.0,0.519,0kae0Qjk2l6MOsIoxR3wNc,0.835,7.0,0.147,-15.139,1.0,Meltdown,0.0317,90.346,4.0,https://api.spotify.com/v1/tracks/0kae0Qjk2l6MOsIoxR3wNc,audio_features,spotify:track:0kae0Qjk2l6MOsIoxR3wNc,0.915,
9,0.824,https://api.spotify.com/v1/audio-analysis/60okZC2cRnecKDpbxBSG1s,Kyle Eastwood,0.589,409827.0,0.401,60okZC2cRnecKDpbxBSG1s,0.827,3.0,0.138,-9.96,1.0,Movin',0.0559,128.714,4.0,https://api.spotify.com/v1/tracks/60okZC2cRnecKDpbxBSG1s,audio_features,spotify:track:60okZC2cRnecKDpbxBSG1s,0.344,
10,0.26,https://api.spotify.com/v1/audio-analysis/6Yk6AurDjFpEU0fgBIGGUE,Jamie Saft,0.397,344060.0,0.452,6Yk6AurDjFpEU0fgBIGGUE,0.0708,4.0,0.109,-15.713,0.0,The Barrier,0.0323,133.404,3.0,https://api.spotify.com/v1/tracks/6Yk6AurDjFpEU0fgBIGGUE,audio_features,spotify:track:6Yk6AurDjFpEU0fgBIGGUE,0.54,
11,0.711,https://api.spotify.com/v1/audio-analysis/1DoS5ql0TW3ejjJGHbsAmz,Masego,0.719,301639.0,0.487,1DoS5ql0TW3ejjJGHbsAmz,8.36e-05,9.0,0.0958,-6.21,0.0,Tadow,0.0604,121.729,4.0,https://api.spotify.com/v1/tracks/1DoS5ql0TW3ejjJGHbsAmz,audio_features,spotify:track:1DoS5ql0TW3ejjJGHbsAmz,0.345,
0,0.758,https://api.spotify.com/v1/audio-analysis/0LlwhPLGzQkEMR8OwL4JAP,B.B. King,0.599,610220.0,0.495,0LlwhPLGzQkEMR8OwL4JAP,0.0,3.0,0.0388,-9.529,1.0,Lucille,0.0618,114.451,3.0,https://api.spotify.com/v1/tracks/0LlwhPLGzQkEMR8OwL4JAP,audio_features,spotify:track:0LlwhPLGzQkEMR8OwL4JAP,0.62,
1,0.224,https://api.spotify.com/v1/audio-analysis/4VCl2a5JvdrEx6PL2P29ty,B.B. King,0.554,324267.0,0.516,4VCl2a5JvdrEx6PL2P29ty,0.286,9.0,0.0548,-6.819,0.0,The Thrill Is Gone,0.0255,90.309,4.0,https://api.spotify.com/v1/tracks/4VCl2a5JvdrEx6PL2P29ty,audio_features,spotify:track:4VCl2a5JvdrEx6PL2P29ty,0.562,
2,0.952,https://api.spotify.com/v1/audio-analysis/3FA9T006fwPO3baSFFjJKD,B.B. King,0.512,180467.0,0.44,3FA9T006fwPO3baSFFjJKD,0.00232,10.0,0.228,-7.458,1.0,Three O'clock Blues,0.0326,70.417,4.0,https://api.spotify.com/v1/tracks/3FA9T006fwPO3baSFFjJKD,audio_features,spotify:track:3FA9T006fwPO3baSFFjJKD,0.594,
3,0.537,https://api.spotify.com/v1/audio-analysis/1FLQrtGTKykm9XzT9YWpvB,B.B. King,0.384,158400.0,0.778,1FLQrtGTKykm9XzT9YWpvB,2.05e-06,5.0,0.691,-6.665,0.0,Everyday I Have the Blues,0.0888,163.742,4.0,https://api.spotify.com/v1/tracks/1FLQrtGTKykm9XzT9YWpvB,audio_features,spotify:track:1FLQrtGTKykm9XzT9YWpvB,0.709,
4,0.447,https://api.spotify.com/v1/audio-analysis/2jGIYO3ZOH8TsuzsGEi95K,B.B. King,0.646,154467.0,0.608,2jGIYO3ZOH8TsuzsGEi95K,1.07e-05,4.0,0.12,-10.029,1.0,Paying the Cost to Be the Boss,0.112,111.72,4.0,https://api.spotify.com/v1/tracks/2jGIYO3ZOH8TsuzsGEi95K,audio_features,spotify:track:2jGIYO3ZOH8TsuzsGEi95K,0.874,
5,0.234,https://api.spotify.com/v1/audio-analysis/2MFgT3cesQbkRKexDjYk7t,B.B. King,0.787,516733.0,0.639,2MFgT3cesQbkRKexDjYk7t,0.0147,0.0,0.112,-7.45,1.0,Why I Sing the Blues,0.0524,117.888,4.0,https://api.spotify.com/v1/tracks/2MFgT3cesQbkRKexDjYk7t,audio_features,spotify:track:2MFgT3cesQbkRKexDjYk7t,0.667,
6,0.946,https://api.spotify.com/v1/audio-analysis/5VkAUiBDfeZz3RKf6QWELj,B.B. King,0.699,183520.0,0.475,5VkAUiBDfeZz3RKf6QWELj,0.000762,0.0,0.281,-8.806,1.0,You Upset Me Baby,0.186,116.471,4.0,https://api.spotify.com/v1/tracks/5VkAUiBDfeZz3RKf6QWELj,audio_features,spotify:track:5VkAUiBDfeZz3RKf6QWELj,0.74,
7,0.0526,https://api.spotify.com/v1/audio-analysis/0rkcFGA6XEVd2XV2JI6msk,U2,0.65,254267.0,0.665,0rkcFGA6XEVd2XV2JI6msk,4.62e-06,9.0,0.13,-11.259,1.0,When Love Comes To Town,0.0372,115.51,4.0,https://api.spotify.com/v1/tracks/0rkcFGA6XEVd2XV2JI6msk,audio_features,spotify:track:0rkcFGA6XEVd2XV2JI6msk,0.593,
8,0.668,https://api.spotify.com/v1/audio-analysis/5Umd0Sioh40afTSxnSRYn2,B.B. King,0.523,160667.0,0.392,5Umd0Sioh40afTSxnSRYn2,0.00406,7.0,0.0676,-8.888,1.0,How Blue Can You Get?,0.046,101.956,3.0,https://api.spotify.com/v1/tracks/5Umd0Sioh40afTSxnSRYn2,audio_features,spotify:track:5Umd0Sioh40afTSxnSRYn2,0.534,
9,0.735,https://api.spotify.com/v1/audio-analysis/1H2ZBXAvFWdEzynx9g4CSc,B.B. King,0.346,235440.0,0.31,1H2ZBXAvFWdEzynx9g4CSc,0.000311,0.0,0.103,-10.822,0.0,You Don't Know Me,0.033,177.97,3.0,https://api.spotify.com/v1/tracks/1H2ZBXAvFWdEzynx9g4CSc,audio_features,spotify:track:1H2ZBXAvFWdEzynx9g4CSc,0.185,
10,0.442,https://api.spotify.com/v1/audio-analysis/473DDIc0akrm3ufTgoCqyy,John Lee Hooker,0.454,239750.0,0.191,473DDIc0akrm3ufTgoCqyy,0.92,9.0,0.223,-26.497,0.0,"One Bourbon, One Scotch, One Beer (Live)",0.326,175.001,3.0,https://api.spotify.com/v1/tracks/473DDIc0akrm3ufTgoCqyy,audio_features,spotify:track:473DDIc0akrm3ufTgoCqyy,0.557,
11,0.00197,https://api.spotify.com/v1/audio-analysis/5ZiU4oxQ6RxiEBIQpVa0mU,B.B. King,0.715,397200.0,0.544,5ZiU4oxQ6RxiEBIQpVa0mU,0.0544,7.0,0.11,-8.768,1.0,Rock Me Baby,0.0574,167.784,4.0,https://api.spotify.com/v1/tracks/5ZiU4oxQ6RxiEBIQpVa0mU,audio_features,spotify:track:5ZiU4oxQ6RxiEBIQpVa0mU,0.67,
