,Unnamed: 0,Unnamed: 0.1,acousticness,analysis_url,danceability,duration_ms,energy,id,instrumentalness,key,liveness,loudness,mode,speechiness,tempo,time_signature,track_href,type,uri,valence,song_title,artist,rock,rap,eletronica,funk,sertanejo,metal,vaporwave,samba,classica,pop,mpb,punk,reggae,jazz,blues
0,0,0,0.0296,https://api.spotify.com/v1/audio-analysis/61QkubO5ny4DtTFoOaIRGg,0.591,98772,0.883,61QkubO5ny4DtTFoOaIRGg,0.8170000000000001,7,0.108,-7.527,1,0.0592,99.192,4,https://api.spotify.com/v1/tracks/61QkubO5ny4DtTFoOaIRGg,audio_features,spotify:track:61QkubO5ny4DtTFoOaIRGg,0.841,Desire,18 Carat Affair,0,0,0,0,0,0,1,0,0,0,0,0,0,0,0
1,1,1,0.0155,https://api.spotify.com/v1/audio-analysis/6pDnccriJzA9ntXMXFyjG2,0.5870000000000001,72639,0.84,6pDnccriJzA9ntXMXFyjG2,0.8140000000000001,1,0.287,-8.376,1,0.0328,111.759,4,https://api.spotify.com/v1/tracks/6pDnccriJzA9ntXMXFyjG2,audio_features,spotify:track:6pDnccriJzA9ntXMXFyjG2,0.835,Passion,18 Carat Affair,0,0,0,0,0,0,1,0,0,0,0,0,0,0,0
2,2,2,0.000243,https://api.spotify.com/v1/audio-analysis/7pm2FfEU1UsP3GhbHFFb9i,0.528,164835,0.913,7pm2FfEU1UsP3GhbHFFb9i,0.8109999999999999,1,0.0858,-4.081,1,0.0445,146.297,4,https://api.spotify.com/v1/tracks/7pm2FfEU1UsP3GhbHFFb9i,audio_features,spotify:track:7pm2FfEU1UsP3GhbHFFb9i,0.66,Pizza Day,ESPRIT 空想,0,0,0,0,0,0,1,0,0,0,0,0,0,0,0
3,3,3,0.0459,https://api.spotify.com/v1/audio-analysis/2TjAHMFLFsKdXXqaePxwC6,0.522,161278,0.8440000000000001,2TjAHMFLFsKdXXqaePxwC6,0.198,10,0.365,-10.905,0,0.0428,154.654,4,https://api.spotify.com/v1/tracks/2TjAHMFLFsKdXXqaePxwC6,audio_features,spotify:track:2TjAHMFLFsKdXXqaePxwC6,0.6729999999999999,Midnight,luxury elite,0,0,0,0,0,0,1,0,0,0,0,0,0,0,0
4,4,4,0.228,https://api.spotify.com/v1/audio-analysis/4CwByRtQjwkrnOjWNINV0z,0.721,106581,0.7070000000000001,4CwByRtQjwkrnOjWNINV0z,0.856,11,0.087,-12.657,0,0.0518,145.623,4,https://api.spotify.com/v1/tracks/4CwByRtQjwkrnOjWNINV0z,audio_features,spotify:track:4CwByRtQjwkrnOjWNINV0z,0.61,Island,luxury elite,0,0,0,0,0,0,1,0,0,0,0,0,0,0,0
5,5,5,0.271,https://api.spotify.com/v1/audio-analysis/38k3otUd41zKhvUvZU7iUZ,0.609,78252,0.77,38k3otUd41zKhvUvZU7iUZ,0.921,10,0.934,-11.134,0,0.0386,110.357,4,https://api.spotify.com/v1/tracks/38k3otUd41zKhvUvZU7iUZ,audio_features,spotify:track:38k3otUd41zKhvUvZU7iUZ,0.5379999999999999,Totally Rad,luxury elite,0,0,0,0,0,0,1,0,0,0,0,0,0,0,0
6,6,6,0.0593,https://api.spotify.com/v1/audio-analysis/4d2CQtygtFEeivp2BheIYz,0.628,63669,0.83,4d2CQtygtFEeivp2BheIYz,0.962,8,0.229,-9.398,0,0.0344,181.929,4,https://api.spotify.com/v1/tracks/4d2CQtygtFEeivp2BheIYz,audio_features,spotify:track:4d2CQtygtFEeivp2BheIYz,0.968,Mall Madness,luxury elite,0,0,0,0,0,0,1,0,0,0,0,0,0,0,0
7,7,7,0.00593,https://api.spotify.com/v1/audio-analysis/2BYdcKIWihsbkW7sPJoC42,0.615,106749,0.75,2BYdcKIWihsbkW7sPJoC42,0.736,8,0.189,-9.895,1,0.026,110.432,4,https://api.spotify.com/v1/tracks/2BYdcKIWihsbkW7sPJoC42,audio_features,spotify:track:2BYdcKIWihsbkW7sPJoC42,0.946,Wave,luxury elite,0,0,0,0,0,0,1,0,0,0,0,0,0,0,0
8,8,8,0.194,https://api.spotify.com/v1/audio-analysis/2ZwkmRAFbyjU06Y0BTVbAx,0.272,179775,0.8270000000000001,2ZwkmRAFbyjU06Y0BTVbAx,0.00463,3,0.758,-6.947,0,0.336,143.357,4,https://api.spotify.com/v1/tracks/2ZwkmRAFbyjU06Y0BTVbAx,audio_features,spotify:track:2ZwkmRAFbyjU06Y0BTVbAx,0.25,Summer Night,ESPRIT 空想,0,0,0,0,0,0,1,0,0,0,0,0,0,0,0
9,9,9,0.14400000000000002,https://api.spotify.com/v1/audio-analysis/2xLThORseBWz1hhG7eFJpM,0.59,172183,0.6859999999999999,2xLThORseBWz1hhG7eFJpM,0.8290000000000001,11,0.0999,-12.817,1,0.0339,135.855,3,https://api.spotify.com/v1/tracks/2xLThORseBWz1hhG7eFJpM,audio_features,spotify:track:2xLThORseBWz1hhG7eFJpM,0.721,Watching Your Dance,18 Carat Affair,0,0,0,0,0,0,1,0,0,0,0,0,0,0,0
10,10,10,0.43,https://api.spotify.com/v1/audio-analysis/0LcK3iOxozb6APK4NwJrjc,0.583,82412,0.5760000000000001,0LcK3iOxozb6APK4NwJrjc,0.779,6,0.168,-8.902000000000003,0,0.16399999999999998,84.66,4,https://api.spotify.com/v1/tracks/0LcK3iOxozb6APK4NwJrjc,audio_features,spotify:track:0LcK3iOxozb6APK4NwJrjc,0.6729999999999999,Pretty Girls I Don't Know Anymore,18 Carat Affair,0,0,0,0,0,0,1,0,0,0,0,0,0,0,0
11,11,11,0.00418,https://api.spotify.com/v1/audio-analysis/5lxGff9t9Yv68YX2ar5eca,0.49,74092,0.7040000000000001,5lxGff9t9Yv68YX2ar5eca,0.0157,7,0.185,-8.445,0,0.107,65.955,4,https://api.spotify.com/v1/tracks/5lxGff9t9Yv68YX2ar5eca,audio_features,spotify:track:5lxGff9t9Yv68YX2ar5eca,0.735,Paid Programming,18 Carat Affair,0,0,0,0,0,0,1,0,0,0,0,0,0,0,0
12,12,12,0.348,https://api.spotify.com/v1/audio-analysis/5dJ0uTmnt3fmmfoSlQcovA,0.5479999999999999,254400,0.884,5dJ0uTmnt3fmmfoSlQcovA,0.927,0,0.135,-8.793,1,0.0485,99.941,4,https://api.spotify.com/v1/tracks/5dJ0uTmnt3fmmfoSlQcovA,audio_features,spotify:track:5dJ0uTmnt3fmmfoSlQcovA,0.29100000000000004,Tribes,Dreams West,0,0,0,0,0,0,1,0,0,0,0,0,0,0,0
13,13,13,0.256,https://api.spotify.com/v1/audio-analysis/1BMCzEHJCXBcXrWMHS7Imc,0.332,224000,0.892,1BMCzEHJCXBcXrWMHS7Imc,0.957,9,0.114,-8.879,0,0.0429,194.064,4,https://api.spotify.com/v1/tracks/1BMCzEHJCXBcXrWMHS7Imc,audio_features,spotify:track:1BMCzEHJCXBcXrWMHS7Imc,0.115,Omni Island,Dreams West,0,0,0,0,0,0,1,0,0,0,0,0,0,0,0
14,14,14,0.879,https://api.spotify.com/v1/audio-analysis/1KDgPUGv3GqcVNA2GD1zmc,0.5579999999999999,179095,0.752,1KDgPUGv3GqcVNA2GD1zmc,0.8540000000000001,8,0.219,-9.323,1,0.0617,112.947,4,https://api.spotify.com/v1/tracks/1KDgPUGv3GqcVNA2GD1zmc,audio_features,spotify:track:1KDgPUGv3GqcVNA2GD1zmc,0.325,Lost Dreams,Infinity Frequencies,0,0,0,0,0,0,1,0,0,0,0,0,0,0,0
15,15,15,0.115,https://api.spotify.com/v1/audio-analysis/744D95MXJOmZq0q0EI01zF,0.588,92195,0.645,744D95MXJOmZq0q0EI01zF,0.973,7,0.191,-7.279,1,0.035,93.693,4,https://api.spotify.com/v1/tracks/744D95MXJOmZq0q0EI01zF,audio_features,spotify:track:744D95MXJOmZq0q0EI01zF,0.0698,Breeze,Infinity Frequencies,0,0,0,0,0,0,1,0,0,0,0,0,0,0,0
16,16,16,0.07400000000000001,https://api.spotify.com/v1/audio-analysis/0Jhu3ZQDdvOuh3RIzgIYUb,0.552,220291,0.67,0Jhu3ZQDdvOuh3RIzgIYUb,0.7929999999999999,1,0.0969,-11.925999999999998,1,0.16399999999999998,91.531,4,https://api.spotify.com/v1/tracks/0Jhu3ZQDdvOuh3RIzgIYUb,audio_features,spotify:track:0Jhu3ZQDdvOuh3RIzgIYUb,0.23,Everywhere,Navigateur,0,0,0,0,0,0,1,0,0,0,0,0,0,0,0
17,17,17,2.89e-05,https://api.spotify.com/v1/audio-analysis/32yBUUjbauDSFCJY6xzfUR,0.381,314070,0.535,32yBUUjbauDSFCJY6xzfUR,0.338,9,0.526,-13.983,1,0.0686,72.358,4,https://api.spotify.com/v1/tracks/32yBUUjbauDSFCJY6xzfUR,audio_features,spotify:track:32yBUUjbauDSFCJY6xzfUR,0.208,NEO MIAMI,Vektroid,0,0,0,0,0,0,1,0,0,0,0,0,0,0,0
18,18,18,0.000118,https://api.spotify.com/v1/audio-analysis/2FDJTo05zVmswy9x1FjlAa,0.5710000000000001,228119,0.805,2FDJTo05zVmswy9x1FjlAa,0.816,10,0.0672,-6.4129999999999985,0,0.196,101.01,4,https://api.spotify.com/v1/tracks/2FDJTo05zVmswy9x1FjlAa,audio_features,spotify:track:2FDJTo05zVmswy9x1FjlAa,0.61,Private Caller,Skylar Spence,0,0,0,0,0,0,1,0,0,0,0,0,0,0,0
19,19,19,0.00172,https://api.spotify.com/v1/audio-analysis/5EeMcudBJvuhTK9iDClP7m,0.495,531069,0.617,5EeMcudBJvuhTK9iDClP7m,0.6559999999999999,11,0.4270000000000001,-15.701,1,0.0478,75.137,4,https://api.spotify.com/v1/tracks/5EeMcudBJvuhTK9iDClP7m,audio_features,spotify:track:5EeMcudBJvuhTK9iDClP7m,0.103,Color Ocean,Vektroid,0,0,0,0,0,0,1,0,0,0,0,0,0,0,0
20,20,20,0.00256,https://api.spotify.com/v1/audio-analysis/0jIyCKqHXbCKBXwEufPOZZ,0.484,277551,0.5870000000000001,0jIyCKqHXbCKBXwEufPOZZ,0.609,2,0.604,-15.751,1,0.0403,116.595,4,https://api.spotify.com/v1/tracks/0jIyCKqHXbCKBXwEufPOZZ,audio_features,spotify:track:0jIyCKqHXbCKBXwEufPOZZ,0.15,Seafoam Island,Vektroid,0,0,0,0,0,0,1,0,0,0,0,0,0,0,0
21,21,21,0.006490000000000001,https://api.spotify.com/v1/audio-analysis/2meJBFhorHxB1Sg2UXH2A9,0.478,349336,0.669,2meJBFhorHxB1Sg2UXH2A9,0.8809999999999999,2,0.08800000000000001,-7.778,1,0.0516,80.962,4,https://api.spotify.com/v1/tracks/2meJBFhorHxB1Sg2UXH2A9,audio_features,spotify:track:2meJBFhorHxB1Sg2UXH2A9,0.0928,CALM DOWN,Vektroid,0,0,0,0,0,0,1,0,0,0,0,0,0,0,0
22,22,22,0.00169,https://api.spotify.com/v1/audio-analysis/1dcmLRHP5J9CnXvmfIe3hE,0.529,267416,0.471,1dcmLRHP5J9CnXvmfIe3hE,0.477,6,0.0853,-13.427,0,0.0793,78.971,4,https://api.spotify.com/v1/tracks/1dcmLRHP5J9CnXvmfIe3hE,audio_features,spotify:track:1dcmLRHP5J9CnXvmfIe3hE,0.278,SPLASH,Vektroid,0,0,0,0,0,0,1,0,0,0,0,0,0,0,0
23,23,23,0.00399,https://api.spotify.com/v1/audio-analysis/4QDrXWbW4pIvXn4aRlPMlT,0.555,455027,0.6970000000000001,4QDrXWbW4pIvXn4aRlPMlT,0.105,7,0.28600000000000003,-11.241,0,0.0916,91.003,4,https://api.spotify.com/v1/tracks/4QDrXWbW4pIvXn4aRlPMlT,audio_features,spotify:track:4QDrXWbW4pIvXn4aRlPMlT,0.0666,YR HEART,Vektroid,0,0,0,0,0,0,1,0,0,0,0,0,0,0,0
24,24,24,0.0123,https://api.spotify.com/v1/audio-analysis/1amdyxHN8pMaSafNSzcdKE,0.769,202905,0.897,1amdyxHN8pMaSafNSzcdKE,0.0965,4,0.0723,-4.185,0,0.199,96.973,4,https://api.spotify.com/v1/tracks/1amdyxHN8pMaSafNSzcdKE,audio_features,spotify:track:1amdyxHN8pMaSafNSzcdKE,0.179,Love Distance,Teams,0,0,0,0,0,0,1,0,0,0,0,0,0,0,0
25,25,25,0.00109,https://api.spotify.com/v1/audio-analysis/5fgZv37iE8pDNOcmQRvhFL,0.7020000000000001,326374,0.852,5fgZv37iE8pDNOcmQRvhFL,0.893,6,0.102,-6.3370000000000015,1,0.101,97.085,4,https://api.spotify.com/v1/tracks/5fgZv37iE8pDNOcmQRvhFL,audio_features,spotify:track:5fgZv37iE8pDNOcmQRvhFL,0.519,Stunts,Teams,0,0,0,0,0,0,1,0,0,0,0,0,0,0,0
26,26,26,0.0049700000000000005,https://api.spotify.com/v1/audio-analysis/69zaxQuSW2n5ZpMLp7Mvbl,0.831,236382,0.872,69zaxQuSW2n5ZpMLp7Mvbl,0.927,11,0.24,-2.799,0,0.117,129.97899999999998,4,https://api.spotify.com/v1/tracks/69zaxQuSW2n5ZpMLp7Mvbl,audio_features,spotify:track:69zaxQuSW2n5ZpMLp7Mvbl,0.329,Based Love,Teams,0,0,0,0,0,0,1,0,0,0,0,0,0,0,0
27,27,27,5.02e-05,https://api.spotify.com/v1/audio-analysis/0CcXpIGyLe2lEXN21rhSXm,0.4920000000000001,129600,0.731,0CcXpIGyLe2lEXN21rhSXm,0.828,0,0.116,-10.259,1,0.0322,73.999,4,https://api.spotify.com/v1/tracks/0CcXpIGyLe2lEXN21rhSXm,audio_features,spotify:track:0CcXpIGyLe2lEXN21rhSXm,0.441,The Skyline Flowers,Capo Blanco,0,0,0,0,0,0,1,0,0,0,0,0,0,0,0
28,28,28,0.189,https://api.spotify.com/v1/audio-analysis/07iwaBDYV4SSMUY3Q81RVq,0.334,372637,0.6970000000000001,07iwaBDYV4SSMUY3Q81RVq,0.0699,9,0.318,-9.586,1,0.07200000000000001,90.0,4,https://api.spotify.com/v1/tracks/07iwaBDYV4SSMUY3Q81RVq,audio_features,spotify:track:07iwaBDYV4SSMUY3Q81RVq,0.328,"I Know I'm Falling, But I'm Still Here",Navigateur,0,0,0,0,0,0,1,0,0,0,0,0,0,0,0
29,29,29,0.00555,https://api.spotify.com/v1/audio-analysis/2bEv9gQP8C5rahpptvSt0F,0.415,205976,0.489,2bEv9gQP8C5rahpptvSt0F,0.00191,1,0.328,-8.426,1,0.0386,97.999,4,https://api.spotify.com/v1/tracks/2bEv9gQP8C5rahpptvSt0F,audio_features,spotify:track:2bEv9gQP8C5rahpptvSt0F,0.0608,High School,Navigateur,0,0,0,0,0,0,1,0,0,0,0,0,0,0,0
30,30,30,0.0106,https://api.spotify.com/v1/audio-analysis/7AtoW1bWe8NrfmzVXm15qY,0.531,219089,0.507,7AtoW1bWe8NrfmzVXm15qY,0.467,1,0.563,-11.182,1,0.0501,115.057,4,https://api.spotify.com/v1/tracks/7AtoW1bWe8NrfmzVXm15qY,audio_features,spotify:track:7AtoW1bWe8NrfmzVXm15qY,0.317,Nobody Knows,Navigateur,0,0,0,0,0,0,1,0,0,0,0,0,0,0,0
31,31,31,0.0217,https://api.spotify.com/v1/audio-analysis/2WCveeofd0kR3foemnS2OK,0.556,221512,0.989,2WCveeofd0kR3foemnS2OK,0.833,2,0.335,-1.538,1,0.0466,91.065,4,https://api.spotify.com/v1/tracks/2WCveeofd0kR3foemnS2OK,audio_features,spotify:track:2WCveeofd0kR3foemnS2OK,0.0605,Stadium (Ignition),Teamm Jordann,0,0,0,0,0,0,1,0,0,0,0,0,0,0,0
32,32,32,0.0295,https://api.spotify.com/v1/audio-analysis/6dejyQJQd7681mmktU7lu1,0.153,174976,0.847,6dejyQJQd7681mmktU7lu1,0.616,8,0.436,-14.897,1,0.151,76.906,4,https://api.spotify.com/v1/tracks/6dejyQJQd7681mmktU7lu1,audio_features,spotify:track:6dejyQJQd7681mmktU7lu1,0.0377,I Need a Moment,Teamm Jordann,0,0,0,0,0,0,1,0,0,0,0,0,0,0,0
33,33,33,0.006659999999999999,https://api.spotify.com/v1/audio-analysis/6qhwfTLeuGIFG279xLBBU9,0.552,191990,0.903,6qhwfTLeuGIFG279xLBBU9,0.6509999999999999,5,0.332,-7.565,0,0.08,159.889,4,https://api.spotify.com/v1/tracks/6qhwfTLeuGIFG279xLBBU9,audio_features,spotify:track:6qhwfTLeuGIFG279xLBBU9,0.301,"Ass Clap Therapy (20,000 Hits)",Teamm Jordann,0,0,0,0,0,0,1,0,0,0,0,0,0,0,0
34,34,34,0.0745,https://api.spotify.com/v1/audio-analysis/2dJWC1hsGkjZr0Cajm1Cnm,0.369,166658,0.975,2dJWC1hsGkjZr0Cajm1Cnm,0.899,0,0.451,-7.822,1,0.116,121.521,4,https://api.spotify.com/v1/tracks/2dJWC1hsGkjZr0Cajm1Cnm,audio_features,spotify:track:2dJWC1hsGkjZr0Cajm1Cnm,0.046,Hall of Fame,Teamm Jordann,0,0,0,0,0,0,1,0,0,0,0,0,0,0,0
35,35,35,0.0302,https://api.spotify.com/v1/audio-analysis/6TcMhJGy8GZ3Eb2ILjKc6F,0.823,199360,0.499,6TcMhJGy8GZ3Eb2ILjKc6F,0.284,1,0.0509,-9.899,0,0.0683,128.986,4,https://api.spotify.com/v1/tracks/6TcMhJGy8GZ3Eb2ILjKc6F,audio_features,spotify:track:6TcMhJGy8GZ3Eb2ILjKc6F,0.841,False Memories - EP,Napolian,0,0,0,0,0,0,1,0,0,0,0,0,0,0,0
36,36,36,0.168,https://api.spotify.com/v1/audio-analysis/2Mbk8JrX3cgZVpWbGg1giK,0.743,223480,0.556,2Mbk8JrX3cgZVpWbGg1giK,0.55,9,0.153,-10.467,0,0.0921,140.06,3,https://api.spotify.com/v1/tracks/2Mbk8JrX3cgZVpWbGg1giK,audio_features,spotify:track:2Mbk8JrX3cgZVpWbGg1giK,0.138,Banquet - EP,Napolian,0,0,0,0,0,0,1,0,0,0,0,0,0,0,0
37,37,37,0.162,https://api.spotify.com/v1/audio-analysis/3JsBJy4aIjAJ3GSjMQ4yaB,0.569,233861,0.87,3JsBJy4aIjAJ3GSjMQ4yaB,0.8809999999999999,0,0.128,-11.249,1,0.0865,139.918,4,https://api.spotify.com/v1/tracks/3JsBJy4aIjAJ3GSjMQ4yaB,audio_features,spotify:track:3JsBJy4aIjAJ3GSjMQ4yaB,0.225,My Refuge - EP,Napolian,0,0,0,0,0,0,1,0,0,0,0,0,0,0,0
38,38,38,0.496,https://api.spotify.com/v1/audio-analysis/4DYkqPH6Hc4I7m53fwy2Ra,0.669,220880,0.748,4DYkqPH6Hc4I7m53fwy2Ra,0.818,6,0.7240000000000001,-12.183,1,0.35200000000000004,150.084,4,https://api.spotify.com/v1/tracks/4DYkqPH6Hc4I7m53fwy2Ra,audio_features,spotify:track:4DYkqPH6Hc4I7m53fwy2Ra,0.339,Rejoice - EP,Napolian,0,0,0,0,0,0,1,0,0,0,0,0,0,0,0
39,39,39,0.0855,https://api.spotify.com/v1/audio-analysis/1WEPqynCKWE1BPoxWBWZfN,0.585,181803,0.8590000000000001,1WEPqynCKWE1BPoxWBWZfN,0.59,2,0.0768,-8.163,0,0.152,90.486,4,https://api.spotify.com/v1/tracks/1WEPqynCKWE1BPoxWBWZfN,audio_features,spotify:track:1WEPqynCKWE1BPoxWBWZfN,0.7909999999999999,In The Zone,Airbird & Napolian,0,0,0,0,0,0,1,0,0,0,0,0,0,0,0
40,40,40,0.0986,https://api.spotify.com/v1/audio-analysis/5VHFV5JrXJcImVh7bvm67g,0.86,221057,0.715,5VHFV5JrXJcImVh7bvm67g,0.0863,10,0.482,-10.093,0,0.281,126.005,4,https://api.spotify.com/v1/tracks/5VHFV5JrXJcImVh7bvm67g,audio_features,spotify:track:5VHFV5JrXJcImVh7bvm67g,0.627,Special,Airbird & Napolian,0,0,0,0,0,0,1,0,0,0,0,0,0,0,0
41,41,41,0.0732,https://api.spotify.com/v1/audio-analysis/1SOxGmojgZbDlfDU7M4sJv,0.6709999999999999,260377,0.934,1SOxGmojgZbDlfDU7M4sJv,0.0,5,0.234,-4.18,0,0.428,105.99,4,https://api.spotify.com/v1/tracks/1SOxGmojgZbDlfDU7M4sJv,audio_features,spotify:track:1SOxGmojgZbDlfDU7M4sJv,0.637,Loving Free (Saint Pepsi Remix),Spazzkid,0,0,0,0,0,0,1,0,0,0,0,0,0,0,0
42,42,42,0.0505,https://api.spotify.com/v1/audio-analysis/4MrLK5ZuFfyqjH1HZPkXvH,0.645,191804,0.5720000000000001,4MrLK5ZuFfyqjH1HZPkXvH,0.831,1,0.0828,-10.063,0,0.0494,89.999,4,https://api.spotify.com/v1/tracks/4MrLK5ZuFfyqjH1HZPkXvH,audio_features,spotify:track:4MrLK5ZuFfyqjH1HZPkXvH,0.397,Don't Kiss Me While I'm Swimming,Phil Gerus,0,0,0,0,0,0,1,0,0,0,0,0,0,0,0
43,43,43,0.00217,https://api.spotify.com/v1/audio-analysis/0H36B3zYP0p5JDrQWkgpby,0.7390000000000001,148765,0.4,0H36B3zYP0p5JDrQWkgpby,0.723,1,0.123,-9.858,1,0.0447,97.023,4,https://api.spotify.com/v1/tracks/0H36B3zYP0p5JDrQWkgpby,audio_features,spotify:track:0H36B3zYP0p5JDrQWkgpby,0.232,Finding Nash,Phil Gerus,0,0,0,0,0,0,1,0,0,0,0,0,0,0,0
44,44,44,0.174,https://api.spotify.com/v1/audio-analysis/6UjDckaxVote8QhMXosgNy,0.662,146051,0.561,6UjDckaxVote8QhMXosgNy,0.5379999999999999,1,0.215,-10.327,1,0.0517,170.502,4,https://api.spotify.com/v1/tracks/6UjDckaxVote8QhMXosgNy,audio_features,spotify:track:6UjDckaxVote8QhMXosgNy,0.908,Lust Escort,Phil Gerus,0,0,0,0,0,0,1,0,0,0,0,0,0,0,0
45,45,45,0.157,https://api.spotify.com/v1/audio-analysis/0CD0nIlXaUGtlspTQgKDRw,0.753,157193,0.552,0CD0nIlXaUGtlspTQgKDRw,0.209,1,0.414,-9.551,1,0.282,98.601,4,https://api.spotify.com/v1/tracks/0CD0nIlXaUGtlspTQgKDRw,audio_features,spotify:track:0CD0nIlXaUGtlspTQgKDRw,0.5579999999999999,Surfing The Wave,Phil Gerus,0,0,0,0,0,0,1,0,0,0,0,0,0,0,0
46,46,46,0.107,https://api.spotify.com/v1/audio-analysis/6DgLkc9U0aGbAT3LTfikJd,0.782,118608,0.6729999999999999,6DgLkc9U0aGbAT3LTfikJd,0.2,5,0.264,-7.499,0,0.0261,80.69,4,https://api.spotify.com/v1/tracks/6DgLkc9U0aGbAT3LTfikJd,audio_features,spotify:track:6DgLkc9U0aGbAT3LTfikJd,0.777,Vieux Caree,Phil Gerus,0,0,0,0,0,0,1,0,0,0,0,0,0,0,0
47,47,47,0.522,https://api.spotify.com/v1/audio-analysis/5CDVcJxZfBC2pFDCNBt8dJ,0.574,151000,0.654,5CDVcJxZfBC2pFDCNBt8dJ,0.973,9,0.345,-13.152,0,0.0357,119.981,4,https://api.spotify.com/v1/tracks/5CDVcJxZfBC2pFDCNBt8dJ,audio_features,spotify:track:5CDVcJxZfBC2pFDCNBt8dJ,0.51,Summer Salt,Free Weed,0,0,0,0,0,0,1,0,0,0,0,0,0,0,0
48,48,48,0.0781,https://api.spotify.com/v1/audio-analysis/0M6d9a95pZKwRafMbv12W5,0.679,120270,0.616,0M6d9a95pZKwRafMbv12W5,0.413,1,0.0728,-7.855,1,0.0949,176.713,3,https://api.spotify.com/v1/tracks/0M6d9a95pZKwRafMbv12W5,audio_features,spotify:track:0M6d9a95pZKwRafMbv12W5,0.964,Temptation,luxury elite,0,0,0,0,0,0,1,0,0,0,0,0,0,0,0
49,49,49,1.6100000000000002e-05,https://api.spotify.com/v1/audio-analysis/5vVOSgxbNF7FFcLn8wDMo1,0.404,141921,0.741,5vVOSgxbNF7FFcLn8wDMo1,0.936,5,0.682,-10.248,0,0.0267,164.747,4,https://api.spotify.com/v1/tracks/5vVOSgxbNF7FFcLn8wDMo1,audio_features,spotify:track:5vVOSgxbNF7FFcLn8wDMo1,0.732,Self-Discovery,luxury elite,0,0,0,0,0,0,1,0,0,0,0,0,0,0,0
50,50,50,0.0517,https://api.spotify.com/v1/audio-analysis/2bMxRECKQGtweVQDtDUSWY,0.79,115267,0.7559999999999999,2bMxRECKQGtweVQDtDUSWY,0.8190000000000001,10,0.0951,-9.949,0,0.102,82.818,4,https://api.spotify.com/v1/tracks/2bMxRECKQGtweVQDtDUSWY,audio_features,spotify:track:2bMxRECKQGtweVQDtDUSWY,0.94,Vanity,luxury elite,0,0,0,0,0,0,1,0,0,0,0,0,0,0,0
51,51,51,0.048,https://api.spotify.com/v1/audio-analysis/5k6eVe10TeXP3yURiFkN8G,0.6990000000000001,139991,0.455,5k6eVe10TeXP3yURiFkN8G,0.904,7,0.123,-10.182,0,0.0484,164.739,4,https://api.spotify.com/v1/tracks/5k6eVe10TeXP3yURiFkN8G,audio_features,spotify:track:5k6eVe10TeXP3yURiFkN8G,0.5720000000000001,Limousine,luxury elite,0,0,0,0,0,0,1,0,0,0,0,0,0,0,0
52,52,52,0.0195,https://api.spotify.com/v1/audio-analysis/0pTJDdvw1NsPGy44uRxMCr,0.911,119128,0.545,0pTJDdvw1NsPGy44uRxMCr,0.8109999999999999,1,0.124,-10.108,1,0.0775,136.907,1,https://api.spotify.com/v1/tracks/0pTJDdvw1NsPGy44uRxMCr,audio_features,spotify:track:0pTJDdvw1NsPGy44uRxMCr,0.871,Classy,luxury elite,0,0,0,0,0,0,1,0,0,0,0,0,0,0,0
53,53,53,0.149,https://api.spotify.com/v1/audio-analysis/0CMajrnQq6lvUszgj0lIbl,0.662,88520,0.541,0CMajrnQq6lvUszgj0lIbl,0.312,4,0.259,-9.668,0,0.0294,130.847,4,https://api.spotify.com/v1/tracks/0CMajrnQq6lvUszgj0lIbl,audio_features,spotify:track:0CMajrnQq6lvUszgj0lIbl,0.8809999999999999,Liquid,luxury elite,0,0,0,0,0,0,1,0,0,0,0,0,0,0,0
54,54,54,1.04e-05,https://api.spotify.com/v1/audio-analysis/5DoGmC66uLfeVj04bL6x7n,0.453,127746,0.696,5DoGmC66uLfeVj04bL6x7n,0.972,2,0.409,-13.314,1,0.0349,180.253,4,https://api.spotify.com/v1/tracks/5DoGmC66uLfeVj04bL6x7n,audio_features,spotify:track:5DoGmC66uLfeVj04bL6x7n,0.194,Speedboat,luxury elite,0,0,0,0,0,0,1,0,0,0,0,0,0,0,0
55,55,55,0.527,https://api.spotify.com/v1/audio-analysis/1bv6Zzr5RrMC3E7TdmCNd2,0.698,170621,0.403,1bv6Zzr5RrMC3E7TdmCNd2,0.81,4,0.114,-16.314,1,0.0424,129.19,4,https://api.spotify.com/v1/tracks/1bv6Zzr5RrMC3E7TdmCNd2,audio_features,spotify:track:1bv6Zzr5RrMC3E7TdmCNd2,0.514,Up Next,luxury elite,0,0,0,0,0,0,1,0,0,0,0,0,0,0,0
56,56,56,0.00519,https://api.spotify.com/v1/audio-analysis/2DtCKmcDt1YAmsxhQAIT9X,0.733,170328,0.685,2DtCKmcDt1YAmsxhQAIT9X,0.0256,11,0.184,-8.906,0,0.0649,135.24,4,https://api.spotify.com/v1/tracks/2DtCKmcDt1YAmsxhQAIT9X,audio_features,spotify:track:2DtCKmcDt1YAmsxhQAIT9X,0.6,Bubblegum (Bonus Track),luxury elite,0,0,0,0,0,0,1,0,0,0,0,0,0,0,0
57,57,57,0.17600000000000002,https://api.spotify.com/v1/audio-analysis/5fsxinBwOSpAgoJPE77JO4,0.722,123900,0.852,5fsxinBwOSpAgoJPE77JO4,0.879,1,0.104,-9.606,1,0.0508,156.273,4,https://api.spotify.com/v1/tracks/5fsxinBwOSpAgoJPE77JO4,audio_features,spotify:track:5fsxinBwOSpAgoJPE77JO4,0.684,Jam City USA (Bonus Track),luxury elite,0,0,0,0,0,0,1,0,0,0,0,0,0,0,0
58,58,58,0.253,https://api.spotify.com/v1/audio-analysis/2U4EA6sDYVC7a9XDM3Al4W,0.768,179779,0.494,2U4EA6sDYVC7a9XDM3Al4W,0.804,10,0.0946,-11.407,0,0.0859,95.974,4,https://api.spotify.com/v1/tracks/2U4EA6sDYVC7a9XDM3Al4W,audio_features,spotify:track:2U4EA6sDYVC7a9XDM3Al4W,0.495,Bring Me There,Phil Gerus,0,0,0,0,0,0,1,0,0,0,0,0,0,0,0
59,59,59,0.00159,https://api.spotify.com/v1/audio-analysis/2uOXzjxGcFf5Co07yoFrNd,0.655,141317,0.514,2uOXzjxGcFf5Co07yoFrNd,0.3720000000000001,10,0.0667,-5.864,1,0.0469,95.591,4,https://api.spotify.com/v1/tracks/2uOXzjxGcFf5Co07yoFrNd,audio_features,spotify:track:2uOXzjxGcFf5Co07yoFrNd,0.757,Milk & Honey,Phil Gerus,0,0,0,0,0,0,1,0,0,0,0,0,0,0,0
60,60,60,0.0695,https://api.spotify.com/v1/audio-analysis/2YUImATG0nQnqtjxlpUi48,0.546,96719,0.755,2YUImATG0nQnqtjxlpUi48,0.000237,3,0.239,-3.423,0,0.0261,99.29,4,https://api.spotify.com/v1/tracks/2YUImATG0nQnqtjxlpUi48,audio_features,spotify:track:2YUImATG0nQnqtjxlpUi48,0.815,Showme,ESPRIT 空想,0,0,0,0,0,0,1,0,0,0,0,0,0,0,0
61,61,61,0.00156,https://api.spotify.com/v1/audio-analysis/7q8oBHmLkKATmP9Raey0nE,0.414,215529,0.867,7q8oBHmLkKATmP9Raey0nE,0.00271,1,0.417,-5.705,0,0.162,86.929,4,https://api.spotify.com/v1/tracks/7q8oBHmLkKATmP9Raey0nE,audio_features,spotify:track:7q8oBHmLkKATmP9Raey0nE,0.542,Cruiser,ESPRIT 空想,0,0,0,0,0,0,1,0,0,0,0,0,0,0,0
62,62,62,0.448,https://api.spotify.com/v1/audio-analysis/26oioM9tSTyicgx8Ex1tv0,0.248,48980,0.89,26oioM9tSTyicgx8Ex1tv0,0.0,9,0.585,-6.609,1,0.0922,85.999,1,https://api.spotify.com/v1/tracks/26oioM9tSTyicgx8Ex1tv0,audio_features,spotify:track:26oioM9tSTyicgx8Ex1tv0,0.284,Untitled2,ESPRIT 空想,0,0,0,0,0,0,1,0,0,0,0,0,0,0,0
63,63,63,7.759999999999999e-05,https://api.spotify.com/v1/audio-analysis/1byK0DvYNWeFQ3jddNTea1,0.345,51000,0.8270000000000001,1byK0DvYNWeFQ3jddNTea1,0.101,2,0.885,-8.096,1,0.738,174.71200000000005,4,https://api.spotify.com/v1/tracks/1byK0DvYNWeFQ3jddNTea1,audio_features,spotify:track:1byK0DvYNWeFQ3jddNTea1,0.22,Untitled1,ESPRIT 空想,0,0,0,0,0,0,1,0,0,0,0,0,0,0,0
64,64,64,0.00107,https://api.spotify.com/v1/audio-analysis/6KWnMKreJxtJPpAXZcJSwj,0.726,158400,0.777,6KWnMKreJxtJPpAXZcJSwj,0.0191,1,0.108,-11.738,1,0.0828,100.055,4,https://api.spotify.com/v1/tracks/6KWnMKreJxtJPpAXZcJSwj,audio_features,spotify:track:6KWnMKreJxtJPpAXZcJSwj,0.364,Bright Lights,Navigateur,0,0,0,0,0,0,1,0,0,0,0,0,0,0,0
65,65,65,0.0508,https://api.spotify.com/v1/audio-analysis/7m2qCiHiEr0dUpUEJdwAAs,0.639,166935,0.73,7m2qCiHiEr0dUpUEJdwAAs,0.34,1,0.13699999999999998,-5.7429999999999986,1,0.0415,94.971,4,https://api.spotify.com/v1/tracks/7m2qCiHiEr0dUpUEJdwAAs,audio_features,spotify:track:7m2qCiHiEr0dUpUEJdwAAs,0.258,Milo De Venus,Jacob 2-2,0,0,0,0,0,0,1,0,0,0,0,0,0,0,0
66,66,66,0.281,https://api.spotify.com/v1/audio-analysis/58CVgf2ADri6tEOWdkuflL,0.454,150811,0.516,58CVgf2ADri6tEOWdkuflL,0.0162,9,0.118,-10.09,1,0.0557,68.65100000000001,4,https://api.spotify.com/v1/tracks/58CVgf2ADri6tEOWdkuflL,audio_features,spotify:track:58CVgf2ADri6tEOWdkuflL,0.491,Baby Duckbill,Jacob 2-2,0,0,0,0,0,0,1,0,0,0,0,0,0,0,0
67,67,67,0.0139,https://api.spotify.com/v1/audio-analysis/2SHbjKbLXWgk9NtCp6pLRq,0.608,242996,0.904,2SHbjKbLXWgk9NtCp6pLRq,0.00449,10,0.354,-6.021,1,0.112,86.04700000000003,4,https://api.spotify.com/v1/tracks/2SHbjKbLXWgk9NtCp6pLRq,audio_features,spotify:track:2SHbjKbLXWgk9NtCp6pLRq,0.5770000000000001,"Red Heather, Yellow Heather",Jacob 2-2,0,0,0,0,0,0,1,0,0,0,0,0,0,0,0
68,68,68,0.000332,https://api.spotify.com/v1/audio-analysis/6yfwS4K7Bt0Ch81n4PQlsb,0.59,105481,0.917,6yfwS4K7Bt0Ch81n4PQlsb,0.332,1,0.904,-6.1560000000000015,0,0.0387,87.99600000000002,4,https://api.spotify.com/v1/tracks/6yfwS4K7Bt0Ch81n4PQlsb,audio_features,spotify:track:6yfwS4K7Bt0Ch81n4PQlsb,0.5429999999999999,Lower 3rds,Jacob 2-2,0,0,0,0,0,0,1,0,0,0,0,0,0,0,0
69,69,69,0.000423,https://api.spotify.com/v1/audio-analysis/1hgPWVafqSUllo9Q2bwVoY,0.54,66200,0.931,1hgPWVafqSUllo9Q2bwVoY,0.539,11,0.208,-7.443,0,0.0828,90.796,4,https://api.spotify.com/v1/tracks/1hgPWVafqSUllo9Q2bwVoY,audio_features,spotify:track:1hgPWVafqSUllo9Q2bwVoY,0.22,2LTL,Jacob 2-2,0,0,0,0,0,0,1,0,0,0,0,0,0,0,0
70,70,70,0.00624,https://api.spotify.com/v1/audio-analysis/2UxljVQL7OUnjGlRVTnrLK,0.515,216608,0.858,2UxljVQL7OUnjGlRVTnrLK,0.232,4,0.17600000000000002,-8.216000000000001,0,0.0796,180.002,4,https://api.spotify.com/v1/tracks/2UxljVQL7OUnjGlRVTnrLK,audio_features,spotify:track:2UxljVQL7OUnjGlRVTnrLK,0.147,Herbivore,Jacob 2-2,0,0,0,0,0,0,1,0,0,0,0,0,0,0,0
71,71,71,0.0192,https://api.spotify.com/v1/audio-analysis/5vR6kQ0ujdTSTHcBGvXkiS,0.389,201890,0.7909999999999999,5vR6kQ0ujdTSTHcBGvXkiS,0.816,1,0.0355,-8.997,1,0.0623,128.588,4,https://api.spotify.com/v1/tracks/5vR6kQ0ujdTSTHcBGvXkiS,audio_features,spotify:track:5vR6kQ0ujdTSTHcBGvXkiS,0.8959999999999999,Platforms,Jacob 2-2,0,0,0,0,0,0,1,0,0,0,0,0,0,0,0
72,72,72,6.22e-05,https://api.spotify.com/v1/audio-analysis/61LwWzt9v5iQMK5EqdVHRw,0.428,188024,0.8490000000000001,61LwWzt9v5iQMK5EqdVHRw,0.234,4,0.0735,-7.4460000000000015,1,0.0876,78.994,4,https://api.spotify.com/v1/tracks/61LwWzt9v5iQMK5EqdVHRw,audio_features,spotify:track:61LwWzt9v5iQMK5EqdVHRw,0.275,The Dinosaurs of Cabazon,Jacob 2-2,0,0,0,0,0,0,1,0,0,0,0,0,0,0,0
73,73,73,0.325,https://api.spotify.com/v1/audio-analysis/1zoKphRNu1WmPcPHLz4lZ7,0.642,224681,0.976,1zoKphRNu1WmPcPHLz4lZ7,0.936,0,0.0525,-2.12,1,0.0693,93.981,4,https://api.spotify.com/v1/tracks/1zoKphRNu1WmPcPHLz4lZ7,audio_features,spotify:track:1zoKphRNu1WmPcPHLz4lZ7,0.268,MVP,Teams,0,0,0,0,0,0,1,0,0,0,0,0,0,0,0
74,74,74,0.0472,https://api.spotify.com/v1/audio-analysis/7LxN58MaRAj6WoLDey0jPo,0.579,272940,0.906,7LxN58MaRAj6WoLDey0jPo,0.126,1,0.58,-10.086,1,0.0329,99.995,4,https://api.spotify.com/v1/tracks/7LxN58MaRAj6WoLDey0jPo,audio_features,spotify:track:7LxN58MaRAj6WoLDey0jPo,0.453,Belinda,Teamm Jordann,0,0,0,0,0,0,1,0,0,0,0,0,0,0,0
75,75,75,0.00191,https://api.spotify.com/v1/audio-analysis/2itCAItVHCYzVcAhSMuDKM,0.557,392484,0.8490000000000001,2itCAItVHCYzVcAhSMuDKM,0.878,7,0.0948,-7.827000000000001,1,0.0361,100.002,4,https://api.spotify.com/v1/tracks/2itCAItVHCYzVcAhSMuDKM,audio_features,spotify:track:2itCAItVHCYzVcAhSMuDKM,0.0389,:(,Teamm Jordann,0,0,0,0,0,0,1,0,0,0,0,0,0,0,0
76,76,76,0.000534,https://api.spotify.com/v1/audio-analysis/2cPezVcgIV5dNY9j2VrNq0,0.422,127250,0.53,2cPezVcgIV5dNY9j2VrNq0,0.916,6,0.117,-7.462999999999999,1,0.0393,126.247,3,https://api.spotify.com/v1/tracks/2cPezVcgIV5dNY9j2VrNq0,audio_features,spotify:track:2cPezVcgIV5dNY9j2VrNq0,0.175,Waterfall Voyeur,Laserdisc Visions,0,0,0,0,0,0,1,0,0,0,0,0,0,0,0
77,77,77,0.928,https://api.spotify.com/v1/audio-analysis/5WxS6Oo4EbBDz8kO2SfhCv,0.499,215348,0.585,5WxS6Oo4EbBDz8kO2SfhCv,0.174,5,0.423,-10.026,0,0.0651,173.646,4,https://api.spotify.com/v1/tracks/5WxS6Oo4EbBDz8kO2SfhCv,audio_features,spotify:track:5WxS6Oo4EbBDz8kO2SfhCv,0.947,Mass Production,Infinity Frequencies,0,0,0,0,0,0,1,0,0,0,0,0,0,0,0
78,78,78,0.245,https://api.spotify.com/v1/audio-analysis/6DjD0YrerB11AMEkLm8jAl,0.624,163907,0.563,6DjD0YrerB11AMEkLm8jAl,0.7829999999999999,10,0.155,-9.099,0,0.0373,165.29,4,https://api.spotify.com/v1/tracks/6DjD0YrerB11AMEkLm8jAl,audio_features,spotify:track:6DjD0YrerB11AMEkLm8jAl,0.68,Blue Dream,Hype Williams,0,0,0,0,0,0,1,0,0,0,0,0,0,0,0
79,79,79,0.0036,https://api.spotify.com/v1/audio-analysis/1gL6vASU58jj8CzGluleyV,0.617,245453,0.958,1gL6vASU58jj8CzGluleyV,0.885,0,0.409,-5.154,1,0.293,177.418,4,https://api.spotify.com/v1/tracks/1gL6vASU58jj8CzGluleyV,audio_features,spotify:track:1gL6vASU58jj8CzGluleyV,0.608,The Throning,Hype Williams,0,0,0,0,0,0,1,0,0,0,0,0,0,0,0
80,80,80,0.7120000000000001,https://api.spotify.com/v1/audio-analysis/6E22vNILFFn7feilca7nEr,0.836,183954,0.7190000000000001,6E22vNILFFn7feilca7nEr,0.8170000000000001,2,0.135,-12.081,0,0.0554,153.929,4,https://api.spotify.com/v1/tracks/6E22vNILFFn7feilca7nEr,audio_features,spotify:track:6E22vNILFFn7feilca7nEr,0.856,Serious,Skylar Spence,0,0,0,0,0,0,1,0,0,0,0,0,0,0,0
81,81,81,0.255,https://api.spotify.com/v1/audio-analysis/3BHWoBv0MCD7WwcupPC24o,0.59,147017,0.795,3BHWoBv0MCD7WwcupPC24o,0.8420000000000001,6,0.116,-8.786,0,0.111,76.431,4,https://api.spotify.com/v1/tracks/3BHWoBv0MCD7WwcupPC24o,audio_features,spotify:track:3BHWoBv0MCD7WwcupPC24o,0.7,Views,Wasted Nights,0,0,0,0,0,0,1,0,0,0,0,0,0,0,0
82,82,82,0.758,https://api.spotify.com/v1/audio-analysis/3Du4u8E3S4dUJhDMPAgjz8,0.279,169749,0.848,3Du4u8E3S4dUJhDMPAgjz8,0.789,5,0.12,-6.885,0,0.0403,101.343,3,https://api.spotify.com/v1/tracks/3Du4u8E3S4dUJhDMPAgjz8,audio_features,spotify:track:3Du4u8E3S4dUJhDMPAgjz8,0.315,Thought Has Wings,Ssaliva,0,0,0,0,0,0,1,0,0,0,0,0,0,0,0
83,83,83,0.0007559999999999999,https://api.spotify.com/v1/audio-analysis/30J2X3SckkYjWV2CtxesrY,0.561,150088,0.6890000000000001,30J2X3SckkYjWV2CtxesrY,0.8240000000000001,7,0.255,-9.78,0,0.0433,151.186,4,https://api.spotify.com/v1/tracks/30J2X3SckkYjWV2CtxesrY,audio_features,spotify:track:30J2X3SckkYjWV2CtxesrY,0.127,A*I,Ssaliva,0,0,0,0,0,0,1,0,0,0,0,0,0,0,0
84,84,84,0.314,https://api.spotify.com/v1/audio-analysis/7xONSxE9ADDsKuZGNVYmsI,0.37,641064,0.526,7xONSxE9ADDsKuZGNVYmsI,0.88,0,0.233,-10.214,0,0.0457,111.785,4,https://api.spotify.com/v1/tracks/7xONSxE9ADDsKuZGNVYmsI,audio_features,spotify:track:7xONSxE9ADDsKuZGNVYmsI,0.26,We're In Heaven (Dream Mix),Cruise Family,0,0,0,0,0,0,1,0,0,0,0,0,0,0,0
85,85,85,0.059,https://api.spotify.com/v1/audio-analysis/2dmX0iGV7mN1HEB0CXcsc0,0.593,282574,0.599,2dmX0iGV7mN1HEB0CXcsc0,0.693,10,0.531,-10.922,1,0.0443,112.016,4,https://api.spotify.com/v1/tracks/2dmX0iGV7mN1HEB0CXcsc0,audio_features,spotify:track:2dmX0iGV7mN1HEB0CXcsc0,0.77,Gone By Dawn (Original Mix),Cruise Family,0,0,0,0,0,0,1,0,0,0,0,0,0,0,0
86,86,86,0.6779999999999999,https://api.spotify.com/v1/audio-analysis/7lo09Zg1uYake9YLLiOXJU,0.659,208000,0.878,7lo09Zg1uYake9YLLiOXJU,0.188,1,0.181,-1.501,1,0.0281,126.934,4,https://api.spotify.com/v1/tracks/7lo09Zg1uYake9YLLiOXJU,audio_features,spotify:track:7lo09Zg1uYake9YLLiOXJU,0.966,Adventures In Green Foot Printing,James Ferraro,0,0,0,0,0,0,1,0,0,0,0,0,0,0,0
87,87,87,0.233,https://api.spotify.com/v1/audio-analysis/3KJANTdyHNGuHbCIy9kP4u,0.479,85000,0.892,3KJANTdyHNGuHbCIy9kP4u,0.843,5,0.59,-10.691,0,0.0636,177.864,3,https://api.spotify.com/v1/tracks/3KJANTdyHNGuHbCIy9kP4u,audio_features,spotify:track:3KJANTdyHNGuHbCIy9kP4u,0.306,Computer Dreams,Mensa Group International,0,0,0,0,0,0,1,0,0,0,0,0,0,0,0
88,88,88,0.131,https://api.spotify.com/v1/audio-analysis/6YD3Yn0N2dNCTSgcxvmC3j,0.625,162981,0.212,6YD3Yn0N2dNCTSgcxvmC3j,0.87,1,0.121,-11.175,1,0.0516,112.23,4,https://api.spotify.com/v1/tracks/6YD3Yn0N2dNCTSgcxvmC3j,audio_features,spotify:track:6YD3Yn0N2dNCTSgcxvmC3j,0.677,Ryan Gosling,Mensa Group International,0,0,0,0,0,0,1,0,0,0,0,0,0,0,0
89,89,89,0.7959999999999999,https://api.spotify.com/v1/audio-analysis/6IbTdgjB0D2TZrHhLm9nZT,0.433,62143,0.636,6IbTdgjB0D2TZrHhLm9nZT,0.8320000000000001,1,0.132,-16.644000000000002,1,0.0331,95.731,4,https://api.spotify.com/v1/tracks/6IbTdgjB0D2TZrHhLm9nZT,audio_features,spotify:track:6IbTdgjB0D2TZrHhLm9nZT,0.125,The End Is the End Is the End,Mensa Group International,0,0,0,0,0,0,1,0,0,0,0,0,0,0,0
90,90,90,0.247,https://api.spotify.com/v1/audio-analysis/6h9Lr8VS8Or3DaSSNxdjE8,0.507,42781,0.222,6h9Lr8VS8Or3DaSSNxdjE8,0.921,11,0.121,-12.421,1,0.0374,69.045,4,https://api.spotify.com/v1/tracks/6h9Lr8VS8Or3DaSSNxdjE8,audio_features,spotify:track:6h9Lr8VS8Or3DaSSNxdjE8,0.968,Tokyo Jungle,Mensa Group International,0,0,0,0,0,0,1,0,0,0,0,0,0,0,0
91,91,91,0.008790000000000001,https://api.spotify.com/v1/audio-analysis/2YINauTPM3vhAbEldipcfR,0.6,99492,0.489,2YINauTPM3vhAbEldipcfR,0.725,7,0.1,-11.639,1,0.0273,111.458,4,https://api.spotify.com/v1/tracks/2YINauTPM3vhAbEldipcfR,audio_features,spotify:track:2YINauTPM3vhAbEldipcfR,0.294,Pink Room,Mensa Group International,0,0,0,0,0,0,1,0,0,0,0,0,0,0,0
92,92,92,0.275,https://api.spotify.com/v1/audio-analysis/75nLz2Evt3upuKwltnJNES,0.86,64347,0.48,75nLz2Evt3upuKwltnJNES,0.921,3,0.118,-9.705,0,0.0575,115.537,4,https://api.spotify.com/v1/tracks/75nLz2Evt3upuKwltnJNES,audio_features,spotify:track:75nLz2Evt3upuKwltnJNES,0.447,Detroit & Techno,Mensa Group International,0,0,0,0,0,0,1,0,0,0,0,0,0,0,0
93,93,93,0.00593,https://api.spotify.com/v1/audio-analysis/7nRor0w8KLB3dybVgFpQGg,0.512,25160,0.452,7nRor0w8KLB3dybVgFpQGg,0.907,8,0.384,-12.276,0,0.0446,79.075,4,https://api.spotify.com/v1/tracks/7nRor0w8KLB3dybVgFpQGg,audio_features,spotify:track:7nRor0w8KLB3dybVgFpQGg,0.8270000000000001,Dubai-ville,Mensa Group International,0,0,0,0,0,0,1,0,0,0,0,0,0,0,0
94,94,94,0.0147,https://api.spotify.com/v1/audio-analysis/5jPzY8s2mhRVODcru6DWwS,0.5670000000000001,131750,0.51,5jPzY8s2mhRVODcru6DWwS,0.684,10,0.112,-9.361,1,0.204,80.361,4,https://api.spotify.com/v1/tracks/5jPzY8s2mhRVODcru6DWwS,audio_features,spotify:track:5jPzY8s2mhRVODcru6DWwS,0.28600000000000003,Make It or Break It,Phil Gerus,0,0,0,0,0,0,1,0,0,0,0,0,0,0,0
95,95,95,0.0384,https://api.spotify.com/v1/audio-analysis/5K3jPfx8QK6kpLUY48jsj3,0.5579999999999999,124369,0.772,5K3jPfx8QK6kpLUY48jsj3,0.203,6,0.104,-6.13,1,0.0535,81.096,4,https://api.spotify.com/v1/tracks/5K3jPfx8QK6kpLUY48jsj3,audio_features,spotify:track:5K3jPfx8QK6kpLUY48jsj3,0.5760000000000001,sweetwine,ESPRIT 空想,0,0,0,0,0,0,1,0,0,0,0,0,0,0,0
96,96,96,0.7979999999999999,https://api.spotify.com/v1/audio-analysis/1onoMBYJH8QCMhXZgpirKI,0.593,215522,0.561,1onoMBYJH8QCMhXZgpirKI,0.823,0,0.324,-11.675,1,0.0437,145.64,4,https://api.spotify.com/v1/tracks/1onoMBYJH8QCMhXZgpirKI,audio_features,spotify:track:1onoMBYJH8QCMhXZgpirKI,0.746,businessline,Hype Williams,0,0,0,0,0,0,1,0,0,0,0,0,0,0,0
97,97,97,0.902,https://api.spotify.com/v1/audio-analysis/3BnK6RTjyoFpqAvbXSXCpp,0.456,135580,0.8740000000000001,3BnK6RTjyoFpqAvbXSXCpp,0.875,7,0.156,-8.934,1,0.118,100.33,3,https://api.spotify.com/v1/tracks/3BnK6RTjyoFpqAvbXSXCpp,audio_features,spotify:track:3BnK6RTjyoFpqAvbXSXCpp,0.653,Virtual Lust,Infinity Frequencies,0,0,0,0,0,0,1,0,0,0,0,0,0,0,0
98,98,98,0.122,https://api.spotify.com/v1/audio-analysis/212guZJYmzASElwy8HmVKx,0.565,251779,0.91,212guZJYmzASElwy8HmVKx,0.866,1,0.0913,-4.91,0,0.0415,98.495,4,https://api.spotify.com/v1/tracks/212guZJYmzASElwy8HmVKx,audio_features,spotify:track:212guZJYmzASElwy8HmVKx,0.69,Hibiscus Pacific,Greeen Linez,0,0,0,0,0,0,1,0,0,0,0,0,0,0,0
99,99,99,0.000523,https://api.spotify.com/v1/audio-analysis/5A8utbwM82bHKYsVpzD1Ty,0.5760000000000001,266601,0.762,5A8utbwM82bHKYsVpzD1Ty,0.226,5,0.214,-7.812,0,0.0525,160.071,4,https://api.spotify.com/v1/tracks/5A8utbwM82bHKYsVpzD1Ty,audio_features,spotify:track:5A8utbwM82bHKYsVpzD1Ty,0.7709999999999999,March 12th Street,Greeen Linez,0,0,0,0,0,0,1,0,0,0,0,0,0,0,0
